signal,variant,weeks,CAGR%,vol%,Sharpe,maxDD%,win%,worst_wk%
live_momentum_proxy,"weekly full turnover, 5bps",508.0,1.23980290835064,26.631668923395846,0.18145921257231204,-56.47708094943737,55.70866141732284,-16.859432201254236
live_momentum_proxy,"weekly full turnover, 15bps",508.0,-8.774107772336848,26.63166892339585,-0.20905330205509923,-71.68064534896527,51.37795275590551,-17.05943220125424
live_momentum_proxy,"weekly full turnover, 30bps",508.0,-21.999428429153546,26.63166892339585,-0.7948220739962161,-92.68275289556139,47.44094488188976,-17.359432201254236
live_momentum_proxy,"buffered top-30 hold, 5bps",507.0,7.208754389407801,31.02900387258426,0.3821915677598988,-50.944156769145096,56.80473372781065,-20.67467336457543
live_momentum_proxy,"buffered top-30 hold, 15bps",507.0,1.748526912781112,31.015543282525744,0.21370750610246764,-60.29583109638887,55.62130177514793,-20.754673364575428
m12_1,"weekly full turnover, 5bps",508.0,1.6896401435443575,42.17822703914669,0.247581610357539,-57.02068188831812,51.96850393700787,-15.12963943647324
m12_1,"weekly full turnover, 15bps",508.0,-8.377219396667934,42.17822703914669,0.0010088942889499026,-74.72294564402996,50.78740157480315,-15.329639436473242
m12_1,"weekly full turnover, 30bps",508.0,-21.67103328339198,42.17822703914669,-0.3688501798139335,-91.42991077963612,48.031496062992126,-15.62963943647324
m12_1,"buffered top-30 hold, 5bps",507.0,8.917547326915543,49.17782913549969,0.4191273046308016,-51.829485289360974,54.83234714003945,-23.370784590279563
m12_1,"buffered top-30 hold, 15bps",507.0,8.204845807487239,49.18183357281206,0.4057882870359203,-52.30823887257555,54.437869822485204,-23.370784590279563
hi52 (near 52w high),"weekly full turnover, 5bps",508.0,3.51342205345595,14.755217737119247,0.3078736805166534,-36.706167252632405,52.362204724409445,-8.306214129216933
hi52 (near 52w high),"weekly full turnover, 15bps",508.0,-6.716390628226732,14.755217737119247,-0.39696173332051654,-56.62053039566815,46.45669291338583,-8.506214129216932
hi52 (near 52w high),"weekly full turnover, 30bps",508.0,-20.228406269593403,14.755217737119247,-1.4542148540762716,-89.16084965108027,37.79527559055118,-8.806214129216933
hi52 (near 52w high),"buffered top-30 hold, 5bps",507.0,1.8838982027598261,16.18355044849702,0.1966156701924931,-41.100683087739455,54.24063116370809,-12.823654821796577
hi52 (near 52w high),"buffered top-30 hold, 15bps",507.0,-6.215307481947352,16.188213979884953,-0.3147341309997943,-53.575223385608474,49.70414201183432,-12.903654821796575
