,1,2,3,4,5,6,7,8,9,10
r1w (last week winners),0.2963993320227862,0.2880030234189571,0.2749434823154763,0.25406490004497645,0.21427134912856233,0.2297189094333081,0.20186590404250815,0.17520735639658952,0.14435397137491685,0.0446356508784186
r4w (last month winners),0.30844631243115733,0.2795216055808052,0.2453293878078811,0.24194904229359696,0.20268942670783616,0.20087923892241435,0.20891478405926298,0.1899977778923791,0.14929293774583557,0.09650463919266598
reversal_1w (last week losers),0.04413207926952898,0.1438618308841397,0.1761972506271142,0.20040383732846495,0.22970191165274095,0.2151805289648937,0.25252774776052367,0.2768845701543507,0.2874734837951344,0.2958878062410673
m12_1,0.16706817503311977,0.13306684714973369,0.18188000504603105,0.19598995984543743,0.21433643666195307,0.23461269547055383,0.22274906538938466,0.23388950503586045,0.2547008036927046,0.2843990107479642
m6_1,0.12016327008148849,0.18864453868768846,0.1922909852767409,0.21558239780152655,0.23096981915520584,0.2219844536668453,0.23229687106887656,0.2511896760882969,0.24338776992145963,0.22624881402198596
m3_1,0.23614423274012802,0.21546105676318217,0.2541360369094407,0.23857405441698376,0.20730886446041624,0.23696443408335166,0.21110138980068785,0.19035289906719896,0.1808352975650341,0.15227270535451737
rs_live (40/35/25 blend),0.1566494566175178,0.16299499639618467,0.16785868351774094,0.20692001621215317,0.20080863916348465,0.2228820158196063,0.24511836662391545,0.2558440053871241,0.22798977505123602,0.27563771530691306
hi52 (near 52w high),0.1579698716468045,0.19042595666373194,0.22638534016909628,0.2289294868925469,0.24544542488494434,0.2295167106921394,0.2231394773365159,0.23442889888363366,0.2153150996839911,0.17162095238701144
live_momentum_proxy,0.17915369742197304,0.18093530066281138,0.20649112295957078,0.1793140699458071,0.2021045718437691,0.21980105639269365,0.23515538641311917,0.2641356962308925,0.24288484632336207,0.21316310932303742
low_vol (-vol12),0.17496879614128275,0.20843737221510591,0.20745290275540018,0.2180036978087109,0.23746790817409624,0.23526089396546582,0.22801273690140028,0.20999223536601894,0.20721978880644215,0.19616159364129654
m12_1 + reversal,0.062125118460068234,0.13962195509409303,0.1810011756870423,0.2100406524627819,0.21223895332673268,0.21063621205910124,0.2417917138661618,0.27862734915727316,0.25857368574974576,0.32725751420361937
