feature,basket,2017-20 t,2017-20 slope%,2021-23 t,2021-23 slope%,holdout t,holdout slope%,survives
vix,live_proxy,1.175487346534544,0.306958581053406,0.22213042953256593,0.2529001169779634,0.119930400393056,0.14027604711837546,False
vix,momentum_12_1,2.7919841882861443,1.297058289332725,1.1815329043622094,2.0764349700724796,2.7992072973808866,4.537653003847429,False
vix,near_52w_high,-1.683636863402052,-0.6354997996292845,0.08389556173126174,0.050486151841038496,-0.7313116229416904,-0.5466889430960098,False
vix,low_vol,-4.101031853789441,-0.6949314588870893,0.3415387246134368,0.14432410896900894,-3.2212708083147303,-2.2612071460124348,False
vix,high_vol,2.1501340149622665,1.738935855018839,-0.8100836447709583,-1.725086653956437,2.1304107995454773,3.47824666245281,False
vix,reversal_1w,2.632075647237964,2.1164907269255777,-0.3130702804811208,-0.6554115866183324,2.2764086854845718,1.7364742551941375,False
vix_term,live_proxy,0.1734377620599817,0.04933526950091079,0.7969984480993322,0.7210364033885256,0.18432980063617496,0.16405756057938908,False
vix_term,momentum_12_1,1.0180703168520449,0.6024190173497087,2.012300338840934,2.9772127289653754,1.7666741350339785,2.395746030647698,False
vix_term,near_52w_high,-1.3110206429184832,-0.5539047286354877,-0.4158025615468037,-0.19664052025783504,-0.6742421231853966,-0.35545866274007776,False
vix_term,low_vol,-1.194720324588622,-0.35195236549987036,-0.8868831998393881,-0.35257088645074885,-1.6657767621569548,-0.968275729811938,False
vix_term,high_vol,0.9558476148616708,0.8945307435656016,0.37337663572714774,0.6562913789757354,0.8893906470549536,1.4202670062871503,False
vix_term,reversal_1w,1.1302892937514863,1.1325178325916814,0.9193978467827628,1.6018909057902935,1.0978732832567086,0.9742778643110097,False
vix_front,live_proxy,-0.2653613685101252,-0.07905329731498323,0.6644113211496298,0.47412328691471395,-0.33098728133077504,-0.24195643686013824,False
vix_front,momentum_12_1,0.36591778435704697,0.23639585047231199,2.6371471763473475,2.786812917822753,0.9553196749829531,1.1361471135594832,False
vix_front,near_52w_high,-1.3400667889567583,-0.6196793861432308,-0.6915542691354408,-0.24335290546100233,-0.7101327264320745,-0.31572455320174453,False
vix_front,low_vol,-1.0191987687667035,-0.3443001526553179,-1.0729761508952107,-0.2646968354396662,-1.1259719779864659,-0.5306078678838377,False
vix_front,high_vol,0.455669035166033,0.36002108161136115,1.4094666089981,1.5955798275301505,0.05352449433495926,0.07809766733384779,False
vix_front,reversal_1w,1.0378241879068706,0.934446224730621,1.3680885588251452,1.4704536055910316,-0.36508964861142573,-0.3523913583343229,False
skew,live_proxy,2.552895831428328,0.8479135262637473,0.4960872782178356,0.2505624734478878,-0.7009390550215268,-0.6119073111219577,False
skew,momentum_12_1,0.21631280980710346,0.14832158861047712,-0.6904573571924302,-0.6657853363161387,-0.8868539948832339,-1.4050546282776055,False
skew,near_52w_high,2.248219751329027,0.5136345342303195,0.6153404639149334,0.16948595887713344,0.6029329675621461,0.27301325228801,False
skew,low_vol,1.2006303602740351,0.2816534753912388,0.7846126322557466,0.20824336114943712,2.1837744664386767,1.4781739397641813,False
skew,high_vol,-0.33692457590550307,-0.25160793527663416,-0.8288192321163911,-1.0117335815930517,-0.5998357060264262,-1.0503952249165525,False
skew,reversal_1w,-1.2314480806067372,-0.7802139682949403,-0.4607147291549244,-0.4062726514499161,0.363778016505188,0.41133982139805025,False
putcall_eq,live_proxy,-0.9054156520830239,-0.4093087353063456,,,,,False
putcall_eq,momentum_12_1,-0.06200675354060786,-0.05604667502308325,,,,,False
putcall_eq,near_52w_high,-1.1904238242503002,-0.4690377654102552,,,,,False
putcall_eq,low_vol,-1.1826179424621892,-0.4666598870533405,,,,,False
putcall_eq,high_vol,0.9329003138964501,0.5904432371959101,,,,,False
putcall_eq,reversal_1w,1.5701960634023002,0.7406294799378708,,,,,False
credit,live_proxy,1.6346051571078206,0.7389990162362483,-0.945935128457685,-1.5315169987485002,1.2750943652400848,2.8435095906962573,False
credit,momentum_12_1,3.9445400647588937,2.7321889528814256,1.784594122201928,4.768834828767861,2.046657649242586,8.277613107723086,False
credit,near_52w_high,-1.2085890894117266,-0.617410864175289,-1.5895538977413608,-1.4719747623618766,1.1420598195907712,1.4750032433323155,False
credit,low_vol,-3.968636762627881,-1.0124352051443504,-1.313429583643645,-1.0469554051990224,-2.672559469423723,-4.2105621665006785,False
credit,high_vol,2.62815061150317,3.166825997518694,1.7420317614873682,5.679845455021488,1.7778447790758705,7.838841033347562,False
credit,reversal_1w,3.437436911053496,3.6037880537361247,1.6678691370777112,5.197012311674626,0.8816483617638736,2.6134646672328983,False
curve,live_proxy,2.545907854433822,1.16787157981999,0.6957936646175326,0.29164566312826057,-0.5208277754648541,-0.5765455964885302,False
curve,momentum_12_1,1.0497410107144916,1.1576418515403304,-0.4976464838551154,-0.3738073016925616,0.3019601001302134,0.6135576580711981,False
curve,near_52w_high,1.8697506597805706,0.6093481164028535,1.3234380783068764,0.3529552547425222,-0.03795435780208193,-0.020972905932542956,False
curve,low_vol,-0.8637488280261513,-0.27764558216958957,2.0168636121641326,0.47085842712396486,-0.24594115948076464,-0.17589150147612798,False
curve,high_vol,1.5270194183880328,1.6678450882032352,-2.1591909359939043,-1.8638029763394495,0.23473622490021667,0.423230287415652,False
curve,reversal_1w,1.5263200387226785,1.4910279136282527,-2.32474226586304,-1.4393816206834786,0.06984286351458492,0.10110372698558338,False
real10_chg13,live_proxy,-0.6090906395151234,-0.2808325626180052,-0.15463389285245846,-0.10187695397913148,-3.04380220372883,-2.230264003595392,False
real10_chg13,momentum_12_1,-0.507858290946791,-0.48482839489551166,0.11327147715176972,0.11690997686351623,-0.8865970329524144,-1.7854839094358175,False
real10_chg13,near_52w_high,1.2375332583578522,0.37495276691330187,0.3286893089874142,0.11568804743178607,-3.48108758782279,-1.4243524976107722,False
real10_chg13,low_vol,0.8082759756720337,0.2752575063890785,1.2883179312417443,0.36627098770852734,1.2006756304156192,0.6289834589619469,False
real10_chg13,high_vol,0.17746446515191203,0.18709921501820695,-0.29628842878802497,-0.27715460467023345,-0.47972563952914665,-1.0325769539646321,False
real10_chg13,reversal_1w,0.7342139999496939,0.6772789517119606,-0.4267196827826315,-0.4277609719274682,0.7841051940153809,1.2361324084238539,False
claims_yoy,live_proxy,1.5932343994269988,0.3045086890322781,-2.5029966476929433,-8.039980116833128,1.3769321785611148,59.028137269340256,False
claims_yoy,momentum_12_1,5.265693158993259,1.3929713714320444,0.5076790433309536,4.671510209258492,1.480115532203789,95.48119835285438,False
claims_yoy,near_52w_high,0.0678544424779125,0.007572846260793884,-3.4648786332085426,-5.763349163175791,1.7230451912499258,32.07621332108956,False
claims_yoy,low_vol,-4.085316272892923,-0.5564213051213432,-1.3379607121493484,-2.169306303147283,-0.040358952636795294,-1.2026954415606634,False
claims_yoy,high_vol,7.610044534111489,2.3156591850532697,0.6994762075950847,5.986159177114487,2.9593557069572,185.72681612588133,False
claims_yoy,reversal_1w,7.8633566477127745,1.8848687435101708,0.79200128521918,4.960477077868011,2.567455659326078,155.36718894978742,False
nfci,live_proxy,1.811087100202286,0.4778238554802117,-0.34582770459880435,-0.22476296147595243,0.21571587801125716,0.5012944459877124,False
nfci,momentum_12_1,4.935147750017617,1.8573373285506296,0.466775901999633,0.623423032290991,0.8355980522715606,3.89290028971682,False
nfci,near_52w_high,-1.0338684241008578,-0.38349669047214424,-0.09970995951487782,-0.03586076629294533,-1.3009333917096868,-1.8629120552488339,False
nfci,low_vol,-5.195915732727715,-0.7945806256723087,-0.8310481277393013,-0.23156459984845773,-1.1484652445389651,-2.0403741805264626,False
nfci,high_vol,4.22807499078318,2.8084571702423395,1.406304910163726,2.0934819066634756,0.7750790386262594,4.0938076866803765,False
nfci,reversal_1w,6.436103127585073,2.9853947470679367,0.577105609499473,0.5929260751905419,0.7314280262813412,2.0406149229573853,False
short_ratio,live_proxy,-0.35505020279661326,-0.2950597650326084,1.8418468073099172,1.1093050714898958,0.09510479255964013,0.11770602476097354,False
short_ratio,momentum_12_1,-0.477019715217587,-0.658812295744235,2.4744593713452216,2.3890521548232475,0.7555734436160677,1.9327043097279197,False
short_ratio,near_52w_high,1.571452245882718,0.9925248663386445,0.8148948060820922,0.3085232171879936,-1.480164069993027,-0.8356104369543723,False
short_ratio,low_vol,0.7891350272782162,0.42783453673879746,-1.5500243298003535,-0.33358511651004075,-0.9693955475939507,-0.5325769614810024,False
short_ratio,high_vol,-0.8487024383747747,-1.927744416068062,1.761983032483423,2.1745160132169112,0.48264301984915436,1.3100439976643796,False
short_ratio,reversal_1w,-0.9088300025150957,-2.076012891106985,1.341352522098323,1.1435546969176478,0.480945531018911,1.020659306988048,False
short_ratio_chg,live_proxy,,,4.333724861761557,3.1915138103968115,-0.10709402704003547,-0.07558332974976173,False
short_ratio_chg,momentum_12_1,,,3.5888788864157237,3.7160664693018557,1.4586524077325942,2.1588038434008476,False
short_ratio_chg,near_52w_high,,,1.8338255276452484,1.116311887212573,0.08337219060156441,0.037449646398579235,False
short_ratio_chg,low_vol,,,-0.19626735705860637,-0.07605794076639587,-0.778658272007719,-0.4343240172924848,False
short_ratio_chg,high_vol,,,0.11638288275915908,0.19122888649463926,0.5278102783237042,0.8730426237500848,False
short_ratio_chg,reversal_1w,,,0.10030373539955517,0.14664632992854548,0.7281839202114109,0.8109453689630505,False
