family,design,dev_CAGR,dev_vol,dev_Sharpe,dev_maxDD,hold_CAGR,hold_vol,hold_Sharpe,hold_maxDD
benchmark,SPY (Mon close -> Mon close),12.952481411953464,18.312551788829072,0.7574179757867513,-33.48249560342937,20.553591122761496,15.18325240646751,1.3090464457259363,-17.267540864741406
benchmark,Equal-weight universe,9.320242221355679,22.501234451274936,0.5101794533826489,-41.528789805555576,13.402594673815948,18.119326794829732,0.7854297513862416,-21.800762957717446
A fixed hold,live_proxy n10 fixed 1w,-3.360560412212743,27.694844422981607,0.01640335958462685,-64.9553399683773,0.6834125126395252,39.84047578099869,0.2210947286347076,-55.49916486104709
A fixed hold,live_proxy n10 fixed 2w,1.901236316887145,27.105304704870793,0.20669994504763844,-52.95549569471824,5.5174808589905755,37.73667781941127,0.3335939614481743,-35.88512462817018
A fixed hold,live_proxy n10 fixed 4w,5.659230736447607,26.45376463980463,0.34323886076083543,-38.969410996497324,17.67809333251602,34.38122015598267,0.6460460325786218,-33.50462838505508
A fixed hold,live_proxy n10 fixed 8w,11.49127956801923,26.477162324722325,0.5454371935180654,-29.087238459292173,15.120969936075635,32.6539598641082,0.594618037042641,-32.28484993579256
A fixed hold,live_proxy n10 fixed 13w,13.809988760730164,26.053595701484987,0.6291442976490903,-27.94636018483053,17.529232050973786,32.26339632177398,0.6620881200604514,-31.9214252678378
B rank-buffer exit,live_proxy n10 hold-while-rank<=20,-2.1532295790314127,26.74980941651212,0.05358598608117369,-57.15965485113481,-9.12636948565323,42.15642623632831,-0.0072296575022152,-54.3167985820769
B rank-buffer exit,live_proxy n10 hold-while-rank<=30,1.392880924272788,26.766697192767424,0.1873929793934542,-45.004643501022336,3.190187839140135,40.00621585541242,0.2817821419986511,-43.72392695369031
B rank-buffer exit,live_proxy n10 hold-while-rank<=50,-2.067097326860745,26.70479469356269,0.057305331746155444,-41.90083806589858,-1.2213757042073392,39.08164946855901,0.16707864443680367,-38.92059839407964
B rank-buffer exit,live_proxy n10 hold-while-rank<=100,-0.0868120556146601,26.97406053953657,0.1328400787930962,-50.35636045964888,1.5084120155342884,35.681416642762315,0.22275146689773936,-38.4835564104979
C trailing stop,live_proxy n10 buffer50 trail10,-1.2589415317362351,26.476392321144708,0.08632506831381227,-38.669778221945116,-1.2269256321535305,38.8883366059452,0.16602986144227874,-39.49796574610238
C trailing stop,live_proxy n10 buffer50 trail20,-3.151021523707187,26.534520064884827,0.01404247295629176,-46.26690752107307,-1.2213757042073392,39.08164946855901,0.16707864443680367,-38.92059839407964
D entry condition,live_proxy n10 buffer50 entry=no-spike,-1.4466490128121068,25.12731864428438,0.06975048508582432,-49.60040284451567,3.392480199318082,29.2209451780231,0.26088821964012243,-38.12705628098657
D entry condition,live_proxy n10 buffer50 entry=pullback,-2.492100743829606,24.559825540581723,0.021636935015731107,-63.96959646865472,-0.5717407728410229,34.41418209642336,0.16632570560730897,-45.90439273785542
A fixed hold,live_proxy n20 fixed 1w,-1.556066161446712,25.69879555399528,0.06929747993592307,-62.81466574020418,6.773638649998959,32.84621560339963,0.36706172701576223,-35.062865003965506
A fixed hold,live_proxy n20 fixed 2w,3.696238837923449,25.330043327910644,0.27145313136333526,-53.04870648944953,12.714619361649394,32.75645851394074,0.5312706648087404,-30.54639042734174
A fixed hold,live_proxy n20 fixed 4w,7.59328679011313,25.62812637312839,0.4160392922542085,-37.01332710962981,23.517300571897024,30.553862936847697,0.8450070349459152,-30.201053890812833
A fixed hold,live_proxy n20 fixed 8w,12.079346782336087,25.788757447171868,0.5733503034087749,-36.951887937143134,16.753640720910077,29.68093417432881,0.6703725499549515,-30.9263576594099
A fixed hold,live_proxy n20 fixed 13w,14.061736228963628,25.55969997775211,0.6448324793856383,-34.51664428421215,16.195104701345354,29.700184310493288,0.6539930235806469,-29.970013218447377
B rank-buffer exit,live_proxy n20 hold-while-rank<=40,2.4217827375906387,25.742602654973602,0.22341149380943906,-46.606947444004795,0.2934849117070648,32.747466352989576,0.1755919094854218,-37.14131048513194
B rank-buffer exit,live_proxy n20 hold-while-rank<=60,2.0223014676507223,25.662569418422198,0.20860606111106147,-44.440713628967686,10.365517777825728,33.576135735837525,0.463225053196149,-28.916290589864325
B rank-buffer exit,live_proxy n20 hold-while-rank<=100,6.623400534582369,25.67573596127201,0.3800869337948978,-43.6240898695964,10.297589475534231,33.0232724032352,0.4641711359834507,-31.41468164198622
B rank-buffer exit,live_proxy n20 hold-while-rank<=200,1.9143642178264697,26.471054492722107,0.20604325640451798,-44.61063183906544,14.986678933514352,34.331513976742315,0.5803406851566454,-32.23069423883057
C trailing stop,live_proxy n20 buffer100 trail10,7.024379712833451,25.262130171988094,0.3963846216091484,-41.340688380205314,7.644787754903937,32.92329620617592,0.39085879049728894,-32.33130421608338
C trailing stop,live_proxy n20 buffer100 trail20,5.959285926904845,25.685064376439442,0.35566288303980154,-43.6240898695964,10.297589475534231,33.0232724032352,0.4641711359834507,-31.41468164198622
D entry condition,live_proxy n20 buffer100 entry=no-spike,2.9251484147118534,23.487166580485365,0.24238817735128557,-46.56398052679822,21.44031189038593,25.937592930900177,0.879995813757741,-24.903475954070032
D entry condition,live_proxy n20 buffer100 entry=pullback,6.799231221888857,22.232546407137697,0.40785196193818024,-39.60749920945161,17.05440230077222,24.7181002191136,0.7613315552807056,-26.42379103470197
A fixed hold,rs_live n10 fixed 1w,15.980639479647717,49.74610904800431,0.5433034385787763,-58.768435565251465,-11.191988258800068,55.96069609275415,0.06293395795731398,-64.11786108291827
A fixed hold,rs_live n10 fixed 2w,13.771436486976562,48.52597079711597,0.5056315795084885,-65.68326080128253,-11.528752284155797,54.30558776639845,0.040875175455386624,-59.29823938298128
A fixed hold,rs_live n10 fixed 4w,13.140189274242541,46.825898024880054,0.4965197046535059,-64.67271528935561,-16.50549387815573,53.91703976997482,-0.07015259198664565,-58.846819817485276
A fixed hold,rs_live n10 fixed 8w,10.989290158951093,44.878941998329985,0.45609210029872393,-63.21546047815589,-3.8312813613121666,52.53407225148447,0.18150934029994895,-46.38518574025278
A fixed hold,rs_live n10 fixed 13w,11.104539459972539,42.91421637444182,0.4606708802624881,-59.958033335072194,2.429243146586657,49.92610643434108,0.2927919744156182,-42.572574528152366
B rank-buffer exit,rs_live n10 hold-while-rank<=20,24.963514226888627,49.558860226402714,0.6935899192956305,-55.8294771195799,-12.190769466601903,57.36607159983519,0.053314494236411755,-60.586284770086266
B rank-buffer exit,rs_live n10 hold-while-rank<=30,11.160269791684986,46.55318963543824,0.46039270196092225,-60.19237399840276,-4.286929935727279,58.24202962434807,0.20205329806051828,-44.221595873889875
B rank-buffer exit,rs_live n10 hold-while-rank<=50,13.335957526392605,47.99948846207942,0.5009403889256416,-58.730536718173894,5.780026743222466,55.40328726914717,0.3668410679750266,-44.16973668623787
B rank-buffer exit,rs_live n10 hold-while-rank<=100,4.537661489880596,44.43397067400571,0.3226998837879203,-55.66714053823537,12.418070541974146,51.03600665031423,0.48277825124008594,-46.317305715385096
C trailing stop,rs_live n10 buffer50 trail10,15.069803011258598,47.642785402160676,0.5312064865837631,-57.63236653343071,-8.917028290611873,54.521440799569774,0.0961398824138938,-50.59722277419536
C trailing stop,rs_live n10 buffer50 trail20,14.858376690104347,47.30750801531636,0.5267392357244558,-59.383624951515415,5.851630128148466,55.05407190792893,0.3692305833369223,-46.55994599900527
D entry condition,rs_live n10 buffer50 entry=no-spike,18.06885953674604,46.90271030126099,0.588938955652276,-60.1318458897645,7.3546749408663015,54.393030226269204,0.3948857431936221,-46.00683537312848
D entry condition,rs_live n10 buffer50 entry=pullback,21.345546560270414,47.28794849579895,0.644413337166417,-50.7447753945073,1.7735667374249697,49.460122808081955,0.2795002779885356,-40.06381648090264
A fixed hold,rs_live n20 fixed 1w,15.051725753571565,45.32171637964881,0.5352413060329823,-51.078262790383455,-17.62654155492086,50.433821905717465,-0.13493357203866665,-55.540000751480655
A fixed hold,rs_live n20 fixed 2w,11.60954143697326,44.683830814886065,0.4690785278132889,-60.68719198771062,-14.895295406813048,49.487312274499395,-0.08251225780884297,-48.586216697219186
A fixed hold,rs_live n20 fixed 4w,13.37081792525099,43.47710026390078,0.5068207193199703,-57.65093791098921,-11.013696574355924,49.377525167885864,0.005142095236805933,-47.382127396529995
A fixed hold,rs_live n20 fixed 8w,11.148488837396076,42.42789700188617,0.46259839117885093,-60.147445012845125,-1.145502441992441,48.43391416633687,0.21272994328315367,-43.57999076603794
A fixed hold,rs_live n20 fixed 13w,11.000002297004174,41.10734842975273,0.4619387648806416,-56.09868766130014,6.500025490435224,47.17364066163366,0.36482151769219195,-40.722681363644966
B rank-buffer exit,rs_live n20 hold-while-rank<=40,19.876107798483787,43.30583421514524,0.6362009371069213,-47.56073909917331,-6.289794784470148,51.6999500301667,0.12651856191774394,-43.88984143582575
B rank-buffer exit,rs_live n20 hold-while-rank<=60,19.899060438129546,43.36250071171644,0.6368203557126033,-55.883551923494004,3.9790268932896167,50.653244107133425,0.32396031438814743,-39.71862066595694
B rank-buffer exit,rs_live n20 hold-while-rank<=100,21.24956236232314,42.80409344853815,0.665751394079804,-50.74452090062598,4.091229338239644,47.91511796545838,0.31725787049742704,-38.745191185828
B rank-buffer exit,rs_live n20 hold-while-rank<=200,16.397053892463752,41.48022908013252,0.574670063838517,-61.566396901788025,4.010743507147541,47.32878704622977,0.31430664045520235,-38.47420734255278
C trailing stop,rs_live n20 buffer100 trail10,12.485983997761686,43.16666444446567,0.48766615708702554,-60.2020163519763,-4.332678973708659,49.85278482362305,0.15507505070372762,-50.728812510791556
C trailing stop,rs_live n20 buffer100 trail20,17.928741688231533,42.76071909700933,0.5993064697147202,-47.7006318511142,-7.244910274389649,48.77153152639258,0.08545515858799814,-50.85147560739382
D entry condition,rs_live n20 buffer100 entry=no-spike,19.815914785110866,42.14052763365312,0.6429077083172858,-48.85728343316327,8.202768932903481,47.31360505513752,0.3982901691927722,-37.32334584815644
D entry condition,rs_live n20 buffer100 entry=pullback,22.047214009990967,42.02598790900156,0.6865734481987013,-47.73980112280937,10.622062774295738,47.07577552830802,0.4451615027492164,-34.71015423086884
A fixed hold,m12_1 n10 fixed 1w,10.13312042947241,49.424038634220416,0.4405409096450098,-47.48650794045366,-10.96580839301975,52.24640738901961,0.03627872061064661,-56.34634964197005
A fixed hold,m12_1 n10 fixed 2w,12.614922798181505,48.71563348648105,0.4861764674471689,-48.443952137471236,-8.628402401336698,51.378269533735555,0.0776983864357732,-53.53060447400537
A fixed hold,m12_1 n10 fixed 4w,11.011781755617655,47.40618099783907,0.4578828212087444,-48.9214006725047,-8.845784552184499,51.71668084171074,0.07569794445862336,-53.42841948387231
A fixed hold,m12_1 n10 fixed 8w,10.100131885133257,45.986508559526015,0.43965880760864273,-50.8466627562851,-3.8625629072203127,49.53809396966506,0.16388109546452992,-45.2556689832623
A fixed hold,m12_1 n10 fixed 13w,11.389559849793107,44.45267564711253,0.46699865445503475,-52.74426600263358,-0.9748162761032964,48.294557226362485,0.21793195335351,-43.01562270347369
B rank-buffer exit,m12_1 n10 hold-while-rank<=20,17.64622775570095,49.13211705274176,0.5769229851966727,-49.29100529211775,-0.7160970341182238,55.37268977054678,0.2572783338133346,-54.76203818344847
B rank-buffer exit,m12_1 n10 hold-while-rank<=30,10.319277395831561,47.03177840269587,0.44456148889670577,-52.674558248332616,1.031993026374467,54.495978142177606,0.28684302592816036,-52.02833731077312
B rank-buffer exit,m12_1 n10 hold-while-rank<=50,16.3193633484892,46.132397386335015,0.5593488238181196,-47.50241694009415,24.773518904403847,55.89486447167628,0.6696010134338978,-47.53692461636923
B rank-buffer exit,m12_1 n10 hold-while-rank<=100,26.438177828819587,44.278437594570775,0.7532026218877644,-45.921017195165184,38.124766908039476,55.63910886302955,0.8535658471154566,-42.21586375063079
C trailing stop,m12_1 n10 buffer50 trail10,16.408753321484014,47.03354237077114,0.5566418547031062,-46.51065812466291,-13.133862668892615,51.78373877471659,-0.015076380027862109,-56.993031144180826
C trailing stop,m12_1 n10 buffer50 trail20,20.872867200118762,47.03004054187702,0.636755842337456,-46.44207398853768,-2.4544332182137807,53.307400850734666,0.21516014745609213,-56.00292007693132
D entry condition,m12_1 n10 buffer50 entry=no-spike,6.469314818585503,47.23595429815458,0.3705622867218626,-49.88680056420479,26.344042544979395,56.55986163396582,0.6891886080520239,-48.64707396668169
D entry condition,m12_1 n10 buffer50 entry=pullback,7.51229512218341,45.484315969128964,0.38821569643924647,-52.73814146601219,9.210274541798725,56.082881147161324,0.43006875224130886,-50.021242139221975
A fixed hold,m12_1 n20 fixed 1w,16.621674301578327,44.569724302242555,0.5675788778784487,-41.07839099926716,2.9926828154933416,49.83388055327642,0.3050392926064261,-44.70533928265876
A fixed hold,m12_1 n20 fixed 2w,12.696003189031103,44.165781224744876,0.4912991813917747,-47.53774425834858,-2.951761116259244,48.66955916957175,0.1789900713207723,-42.17013281392349
A fixed hold,m12_1 n20 fixed 4w,13.073650526215763,43.13377023189189,0.5022688077764856,-47.98205827613932,-4.513649393573871,47.68454789549248,0.13866827829237946,-41.393331367205874
A fixed hold,m12_1 n20 fixed 8w,10.647735209172593,42.141550698045386,0.45390107416740666,-51.48648538974003,1.2971977119681233,46.849319611486024,0.2582188003624873,-39.293405653073776
A fixed hold,m12_1 n20 fixed 13w,9.988193986639793,41.04351926743405,0.4410813431920292,-55.004305799207856,6.376277894686666,45.849050653644916,0.36117452626527585,-40.60672867656162
B rank-buffer exit,m12_1 n20 hold-while-rank<=40,14.088331561731682,42.76142425448678,0.5231704051457492,-42.785500343936555,18.323041454261492,47.97005124845653,0.5874535729472065,-40.82694392871454
B rank-buffer exit,m12_1 n20 hold-while-rank<=60,15.311158834820038,43.30084777233607,0.5471945106568668,-44.82819396911473,11.325296302080968,46.474594667069994,0.46115704703204824,-38.111144952562135
B rank-buffer exit,m12_1 n20 hold-while-rank<=100,18.323676251198705,42.34093358558369,0.6112200245381102,-48.22371661155035,26.57919701400806,47.308839793350145,0.7323174233026438,-37.02809873405691
B rank-buffer exit,m12_1 n20 hold-while-rank<=200,17.498914349142392,42.63982113775725,0.5946500760300456,-53.45516019022077,21.471487824862834,47.20057005934258,0.6451548711685533,-35.705364006789765
C trailing stop,m12_1 n20 buffer100 trail10,17.46886960745386,43.43815034587439,0.5881417211380596,-48.55348712130739,-2.2100353494837854,48.506583607286935,0.1930836457057617,-44.24766959699075
C trailing stop,m12_1 n20 buffer100 trail20,16.42960833215017,42.56691305986684,0.570247781088501,-43.823354439039655,1.5613974333443137,44.84774500476368,0.25670131878351493,-43.27602101409109
D entry condition,m12_1 n20 buffer100 entry=no-spike,19.508366481518834,41.87597320614694,0.6379093407814161,-47.803710249584896,20.861368268101323,47.47458125181793,0.6333917424927381,-37.449200130024906
D entry condition,m12_1 n20 buffer100 entry=pullback,18.487981223359505,41.31978542474895,0.6197220019981836,-47.73724536806127,14.517519003759528,47.440754363379135,0.5201790028993631,-37.522090817894004
A fixed hold,m12_1+rev n10 fixed 1w,11.702931208086342,48.97649953065007,0.4692381412075942,-69.44493056580686,-19.703327232921296,56.448690822362835,-0.11520188806486427,-62.81974692001021
A fixed hold,m12_1+rev n10 fixed 2w,20.120952037533723,44.93859373924713,0.6319760308357012,-58.79184188983514,-16.38669675551193,51.03520296415064,-0.10171660479684137,-49.98034756299544
A fixed hold,m12_1+rev n10 fixed 4w,16.614711878236356,40.81322928671853,0.5814462369206419,-52.01802735894845,-9.270911832941664,47.92183184084692,0.030607414673227955,-41.375069500873174
A fixed hold,m12_1+rev n10 fixed 8w,11.645019374573874,38.82604473311728,0.47828404086733955,-64.7618406205855,-7.951869044799043,46.07255452442749,0.04650435354566337,-42.732409159864226
A fixed hold,m12_1+rev n10 fixed 13w,6.500849665358488,38.144347383178996,0.35777144304009045,-66.16866230106069,0.5422604393976904,44.478070508216234,0.23062239266828147,-39.86740796880842
B rank-buffer exit,m12_1+rev n10 hold-while-rank<=20,5.067864860516824,49.55921449126429,0.3467236940510663,-69.27441286043529,-20.27318511225652,55.313468647401606,-0.14387911983478588,-67.9470222367466
B rank-buffer exit,m12_1+rev n10 hold-while-rank<=30,3.3103120178464396,49.665417658850565,0.3130378078046606,-74.84826515142902,-19.423609666219,55.57855419782667,-0.12188406924989528,-69.26531324192725
B rank-buffer exit,m12_1+rev n10 hold-while-rank<=50,-1.2689281053286483,49.31250561201823,0.2207661466400068,-81.25240382721971,-26.910374760881496,56.08305581300799,-0.28808743225606015,-74.28383455335533
B rank-buffer exit,m12_1+rev n10 hold-while-rank<=100,5.062524306523364,49.00331104722404,0.34504691572665047,-78.65432372802708,-18.903781179361236,55.316980970785934,-0.1118218524765612,-71.14395908257069
C trailing stop,m12_1+rev n10 buffer50 trail10,0.868752352676716,49.26412600300403,0.26265881973197147,-78.86298980654402,-18.91466727414596,56.57913081330344,-0.09866342697971398,-64.82354686775828
C trailing stop,m12_1+rev n10 buffer50 trail20,0.6333053881644846,49.28070472537224,0.25859440113739407,-78.82219498309023,-24.172882814718367,56.64295939603606,-0.21504007209872553,-72.54455065415175
D entry condition,m12_1+rev n10 buffer50 entry=no-spike,-1.2689281053286483,49.31250561201823,0.2207661466400068,-81.25240382721971,-26.910374760881496,56.08305581300799,-0.28808743225606015,-74.28383455335533
D entry condition,m12_1+rev n10 buffer50 entry=pullback,-1.0328673047965808,49.344057200124766,0.2257706400936924,-81.25240382721971,-26.910374760881496,56.08305581300799,-0.28808743225606015,-74.28383455335533
A fixed hold,m12_1+rev n20 fixed 1w,2.6660065684767975,43.48243765998034,0.27588267252000714,-64.35424545610431,-6.026773334620749,46.753523017048785,0.09603233045093183,-47.85701571405892
A fixed hold,m12_1+rev n20 fixed 2w,7.178175490481076,40.83596996750292,0.37401342561400996,-57.73259615861743,-7.805034111689335,43.4961251425291,0.027514521925565014,-37.84014481339406
A fixed hold,m12_1+rev n20 fixed 4w,11.556710608624732,37.80396735923457,0.4792027165301348,-53.49843157344852,-2.1444534552347183,41.96018762105373,0.1552345518453772,-34.44970764086413
A fixed hold,m12_1+rev n20 fixed 8w,11.059561311591516,36.029906017496785,0.47255817232943415,-60.164076735959426,-2.5620532917072225,40.93094174569666,0.13938099097427864,-40.97704415105567
A fixed hold,m12_1+rev n20 fixed 13w,8.34602048083628,35.60241312637872,0.40577732275879674,-61.156629956953545,4.854868062920881,40.00537720735151,0.31619913737994215,-37.7017507781741
B rank-buffer exit,m12_1+rev n20 hold-while-rank<=40,2.45326312642562,44.12563791183548,0.2740970736744544,-64.26503938153311,-9.830704748771735,46.447142193202154,0.005447407846171254,-50.78898573940875
B rank-buffer exit,m12_1+rev n20 hold-while-rank<=60,2.1566867040948567,44.080449464808446,0.26769129119887247,-65.29665083875706,-11.81457377316436,47.099329913895374,-0.03544758065166752,-52.626019667828515
B rank-buffer exit,m12_1+rev n20 hold-while-rank<=100,4.962033071380034,43.207824620650506,0.32799879334113957,-64.77403800384138,-10.199362579285143,46.65903691271863,-0.0012266894013945363,-52.62159383121663
B rank-buffer exit,m12_1+rev n20 hold-while-rank<=200,8.09637591729382,42.08841407675735,0.3947872469917206,-64.18128792446967,-9.907866445246293,47.126369830262234,0.00843060855443076,-54.200019125039965
C trailing stop,m12_1+rev n20 buffer100 trail10,5.748010529277736,43.47312863158068,0.34411777200940974,-64.35275700248478,-7.982216742521253,47.495272394638384,0.05667299985915052,-50.85955126665615
C trailing stop,m12_1+rev n20 buffer100 trail20,5.936561181821487,43.417324707170074,0.34886306332871636,-63.423835575787905,-5.0519482113355,47.466092138289014,0.12265565785820828,-46.21510122665746
D entry condition,m12_1+rev n20 buffer100 entry=no-spike,4.962033071380034,43.207824620650506,0.32799879334113957,-64.77403800384138,-10.199362579285143,46.65903691271863,-0.0012266894013945363,-52.62159383121663
D entry condition,m12_1+rev n20 buffer100 entry=pullback,4.725186141208226,43.17130274531751,0.3226588041673746,-65.06535943450741,-10.324699923662006,46.64730959899398,-0.004333358757951673,-52.80195449257201
