signal,hold_weeks,periods,CAGR%,vol%,Sharpe,maxDD%,win%
live_momentum_proxy,1,508.0,-8.992930628590845,26.58799148461211,-0.21883591648889275,-72.21552432419247,51.37795275590551
live_momentum_proxy,4,127.0,14.576716707536331,28.127543199333026,0.6225063636338186,-42.04317789758113,55.90551181102362
live_momentum_proxy,13,39.0,5.245383944406989,31.096345067687675,0.30774912576591257,-52.120243847553496,58.97435897435898
m12_1,1,508.0,-6.156580553246727,43.812003636208416,0.06840442897830579,-68.17519232114735,50.59055118110236
m12_1,4,127.0,7.819479210301972,44.71773123368441,0.3903029858892489,-56.83883784100554,55.118110236220474
m12_1,13,39.0,-4.526093666754772,37.97685369975675,0.06421096440157564,-59.8777443426478,48.717948717948715
rs_live (40/35/25 blend),1,508.0,-5.901892315091017,44.51805387340285,0.07949540441527482,-76.74485032810442,48.818897637795274
rs_live (40/35/25 blend),4,127.0,-1.5944207954595613,47.15188662654624,0.19339207661253133,-85.3935562030254,50.39370078740157
rs_live (40/35/25 blend),13,39.0,-3.878706745151539,35.7420782257687,0.06391398464373986,-57.989655673247256,43.58974358974359
hi52 (near 52w high),1,508.0,-7.169004738409813,14.644385961347615,-0.43422732562489214,-58.633540726019774,46.45669291338583
hi52 (near 52w high),4,127.0,3.7882866327284326,14.06333477124222,0.33474078762218507,-20.95991138179126,57.48031496062992
hi52 (near 52w high),13,39.0,4.682168959195021,14.268688375729083,0.3937019618721423,-30.211618652699567,64.1025641025641
