,S0 always momentum,S1 volatility-managed (B&SC),S2 market state: off after 24m market loss,S3 off in stress (NFCI > 0),S4 ridge on all 16 features (on/off),S5 vol-managed + ridge on/off
1960-01-31,1.0,1.007981481846677,0.0,0.0,,
1960-02-29,1.0,1.0687072698013915,0.0,0.0,,
1960-03-31,1.0,1.2123856672835054,0.0,0.0,,
1960-04-30,1.0,1.2983426424145916,0.0,0.0,,
1960-05-31,1.0,1.1557650948640765,0.0,0.0,,
1960-06-30,1.0,1.0682429558372846,0.0,0.0,,
1960-07-31,1.0,1.1311110524741848,0.0,0.0,,
1960-08-31,1.0,1.1064189288688402,0.0,0.0,,
1960-09-30,1.0,1.0072805686108708,0.0,0.0,,
1960-10-31,1.0,1.01643045691591,0.0,0.0,,
1960-11-30,1.0,1.0547076422504162,0.0,0.0,,
1960-12-31,1.0,1.077872962001654,0.0,0.0,,
1961-01-31,1.0,0.869725758123199,0.0,0.0,,
1961-02-28,1.0,0.8501461613635223,0.0,0.0,,
1961-03-31,1.0,0.8944448608705585,0.0,0.0,,
1961-04-30,1.0,0.8337809492453591,0.0,0.0,,
1961-05-31,1.0,0.8300247055233745,0.0,0.0,,
1961-06-30,1.0,0.8808406890163974,0.0,0.0,,
1961-07-31,1.0,1.0933905488131095,0.0,0.0,,
1961-08-31,1.0,1.1607300444547288,0.0,0.0,,
1961-09-30,1.0,1.2143322727341628,0.0,0.0,,
1961-10-31,1.0,1.4534183009941075,0.0,0.0,,
1961-11-30,1.0,1.7542137319663504,0.0,0.0,,
1961-12-31,1.0,1.7732724001819673,1.0,0.0,,
1962-01-31,1.0,1.552714769802004,1.0,0.0,,
1962-02-28,1.0,1.566743248412672,1.0,0.0,,
1962-03-31,1.0,1.5251224030842399,1.0,0.0,,
1962-04-30,1.0,1.4534642874928607,1.0,0.0,,
1962-05-31,1.0,1.2309379531230673,1.0,0.0,,
1962-06-30,1.0,1.0043577961436296,1.0,0.0,,
1962-07-31,1.0,0.8970052768036483,1.0,0.0,,
1962-08-31,1.0,0.8239729427954315,1.0,0.0,,
1962-09-30,1.0,0.8134364767895792,1.0,0.0,,
1962-10-31,1.0,0.7672701259178879,1.0,0.0,,
1962-11-30,1.0,0.717210356242853,1.0,0.0,,
1962-12-31,1.0,0.739402862076675,1.0,0.0,,
1963-01-31,1.0,0.7628973759862865,1.0,0.0,,
1963-02-28,1.0,0.8160041497033532,1.0,0.0,,
1963-03-31,1.0,0.8388967543473183,1.0,0.0,,
1963-04-30,1.0,0.8800534833155695,1.0,0.0,,
1963-05-31,1.0,1.1166454524827336,1.0,0.0,,
1963-06-30,1.0,1.2958517533933367,1.0,0.0,,
1963-07-31,1.0,1.6598120391750155,1.0,0.0,,
1963-08-31,1.0,1.652359579609472,1.0,0.0,,
1963-09-30,1.0,1.6189561667732548,1.0,0.0,,
1963-10-31,1.0,1.6114597236480854,1.0,0.0,,
1963-11-30,1.0,1.0078432653558471,1.0,0.0,,
1963-12-31,1.0,0.9942967096206483,1.0,0.0,,
1964-01-31,1.0,1.0014039076203043,1.0,0.0,,
1964-02-29,1.0,0.9940443189063651,1.0,0.0,,
1964-03-31,1.0,1.008810164179128,1.0,0.0,,
1964-04-30,1.0,1.0448881967534576,1.0,0.0,,
1964-05-31,1.0,1.718314953070468,1.0,0.0,,
1964-06-30,1.0,1.7637179096459745,1.0,0.0,,
1964-07-31,1.0,1.8953180184162832,1.0,0.0,,
1964-08-31,1.0,1.8474862880714473,1.0,0.0,,
1964-09-30,1.0,1.8244408681264068,1.0,0.0,,
1964-10-31,1.0,1.9630293811208261,1.0,0.0,,
1964-11-30,1.0,1.9841891730528134,1.0,0.0,,
1964-12-31,1.0,2.0,1.0,0.0,,
1965-01-31,1.0,1.714912263340777,1.0,0.0,,
1965-02-28,1.0,1.7873480799595327,1.0,0.0,,
1965-03-31,1.0,1.785767255564088,1.0,0.0,,
1965-04-30,1.0,1.7666890174300631,1.0,0.0,,
1965-05-31,1.0,1.7159195531369857,1.0,0.0,,
1965-06-30,1.0,1.1572113446188912,1.0,0.0,,
1965-07-31,1.0,1.1606865863060745,1.0,0.0,,
1965-08-31,1.0,1.143536730860484,1.0,0.0,,
1965-09-30,1.0,1.100985465072061,1.0,0.0,,
1965-10-31,1.0,1.061919167354712,1.0,0.0,,
1965-11-30,1.0,1.049158581011632,1.0,0.0,,
1965-12-31,1.0,1.2130800189989488,1.0,0.0,,
1966-01-31,1.0,1.1630466960011792,1.0,0.0,,
1966-02-28,1.0,0.9957386851416407,1.0,0.0,,
1966-03-31,1.0,0.7567709376539591,1.0,0.0,,
1966-04-30,1.0,0.7281056262575253,1.0,0.0,,
1966-05-31,1.0,0.4822937103761658,1.0,0.0,,
1966-06-30,1.0,0.46332092544013165,1.0,0.0,,
1966-07-31,1.0,0.44828846348554385,1.0,0.0,,
1966-08-31,1.0,0.4149512574577549,1.0,0.0,,
1966-09-30,1.0,0.42352221650044053,0.0,0.0,,
1966-10-31,1.0,0.4187468937966198,1.0,0.0,,
1966-11-30,1.0,0.5327776314059096,1.0,0.0,,
1966-12-31,1.0,0.5778631619066655,1.0,0.0,,
1967-01-31,1.0,0.5832932962286815,1.0,0.0,,
1967-02-28,1.0,0.6504092825962314,1.0,0.0,,
1967-03-31,1.0,0.8443651609333589,1.0,0.0,,
1967-04-30,1.0,1.0111452117089177,1.0,0.0,,
1967-05-31,1.0,0.9721257842112774,1.0,0.0,,
1967-06-30,1.0,0.8872021345136153,1.0,0.0,,
1967-07-31,1.0,1.0578491306225108,1.0,0.0,,
1967-08-31,1.0,1.0051771032891161,1.0,0.0,,
1967-09-30,1.0,0.970267374920085,1.0,0.0,,
1967-10-31,1.0,0.9219786452728386,1.0,0.0,,
1967-11-30,1.0,0.7889450728755981,1.0,0.0,,
1967-12-31,1.0,0.801577388871644,1.0,0.0,,
1968-01-31,1.0,0.7082904541697093,1.0,0.0,,
1968-02-29,1.0,0.6573998335032252,1.0,0.0,,
1968-03-31,1.0,0.6205313069074271,1.0,0.0,,
1968-04-30,1.0,0.6160830936651096,1.0,0.0,,
1968-05-31,1.0,0.7011131661737793,1.0,0.0,,
1968-06-30,1.0,0.70302060647722,1.0,0.0,,
1968-07-31,1.0,0.7173664469151158,1.0,0.0,,
1968-08-31,1.0,0.7769929235418493,1.0,0.0,,
1968-09-30,1.0,0.9167236636845404,1.0,0.0,,
1968-10-31,1.0,0.9534961095032404,1.0,0.0,,
1968-11-30,1.0,1.014725537585742,1.0,0.0,,
1968-12-31,1.0,1.006925088083539,1.0,0.0,,
1969-01-31,1.0,1.0849564317040212,1.0,0.0,,
1969-02-28,1.0,1.275346170891454,1.0,0.0,,
1969-03-31,1.0,1.304816743540074,1.0,0.0,,
1969-04-30,1.0,1.380073888809927,1.0,0.0,,
1969-05-31,1.0,1.401122224821195,1.0,0.0,,
1969-06-30,1.0,1.4337340036217234,1.0,0.0,,
1969-07-31,1.0,1.5354184274570928,1.0,0.0,,
1969-08-31,1.0,1.4988214755661111,1.0,0.0,,
1969-09-30,1.0,1.5766554473052408,1.0,0.0,,
1969-10-31,1.0,1.323677869782366,1.0,0.0,,
1969-11-30,1.0,1.2959390032241072,1.0,0.0,,
1969-12-31,1.0,1.0043077195566865,1.0,0.0,,
1970-01-31,1.0,0.7475652156847844,0.0,0.0,,
1970-02-28,1.0,0.7102474604285252,1.0,0.0,,
1970-03-31,1.0,0.6939976454984558,1.0,0.0,,
1970-04-30,1.0,0.7174974172135007,0.0,0.0,,
1970-05-31,1.0,0.6174867263036341,0.0,0.0,,
1970-06-30,1.0,0.595429300079375,0.0,0.0,,
1970-07-31,1.0,0.6558628605003163,0.0,0.0,,
1970-08-31,1.0,0.6227075341598484,0.0,0.0,,
1970-09-30,1.0,0.5368234078339291,0.0,0.0,,
1970-10-31,1.0,0.49325885745772025,0.0,0.0,,
1970-11-30,1.0,0.5130496992015463,0.0,0.0,,
1970-12-31,1.0,0.5482355989609532,0.0,0.0,,
1971-01-31,1.0,0.5450770468795982,0.0,0.0,,
1971-02-28,1.0,0.5535870058164217,1.0,0.0,,
1971-03-31,1.0,0.6743478131936702,1.0,0.0,,
1971-04-30,1.0,0.7869918484541787,1.0,0.0,,
1971-05-31,1.0,0.8319829268025734,1.0,0.0,,
1971-06-30,1.0,0.9246280004887458,1.0,0.0,,
1971-07-31,1.0,1.072061413516478,1.0,0.0,,
1971-08-31,1.0,0.9999598779203309,1.0,0.0,,
1971-09-30,1.0,1.0341322223381841,1.0,0.0,,
1971-10-31,1.0,1.0354393080392597,1.0,0.0,,
1971-11-30,1.0,1.0623627393967388,1.0,0.0,,
1971-12-31,1.0,1.0340762996473534,1.0,0.0,,
1972-01-31,1.0,1.0816729059069352,1.0,0.0,,
1972-02-29,1.0,1.299877074845485,1.0,0.0,,
1972-03-31,1.0,1.272958012188491,1.0,0.0,,
1972-04-30,1.0,1.2776843470524017,1.0,0.0,,
1972-05-31,1.0,1.246918378143775,1.0,0.0,,
1972-06-30,1.0,1.492370758215032,1.0,0.0,,
1972-07-31,1.0,1.5475227923417278,1.0,0.0,,
1972-08-31,1.0,1.3518078561386058,1.0,0.0,,
1972-09-30,1.0,1.3362101444221397,1.0,1.0,,
1972-10-31,1.0,1.3180091395042066,1.0,1.0,,
1972-11-30,1.0,1.3521067558840294,1.0,1.0,,
1972-12-31,1.0,1.2129998171478173,1.0,1.0,,
1973-01-31,1.0,1.192865587475531,1.0,0.0,,
1973-02-28,1.0,1.2849058429299398,1.0,0.0,,
1973-03-31,1.0,1.2251477977353606,1.0,0.0,,
1973-04-30,1.0,1.1201550748537095,1.0,0.0,,
1973-05-31,1.0,0.9889115908609458,1.0,0.0,,
1973-06-30,1.0,0.9068708452485846,1.0,0.0,,
1973-07-31,1.0,0.687789345232772,1.0,0.0,,
1973-08-31,1.0,0.6661317598793407,1.0,0.0,,
1973-09-30,1.0,0.6122630651017217,1.0,0.0,,
1973-10-31,1.0,0.6080414562426625,1.0,0.0,,
1973-11-30,1.0,0.6169270146831384,1.0,0.0,,
1973-12-31,1.0,0.5548118695199409,0.0,0.0,,
1974-01-31,1.0,0.5726486712969532,0.0,0.0,,
1974-02-28,1.0,0.5766108968979724,0.0,0.0,,
1974-03-31,1.0,0.6026299566919532,0.0,0.0,,
1974-04-30,1.0,0.6360250622394025,0.0,0.0,,
1974-05-31,1.0,0.6752193739128219,0.0,0.0,,
1974-06-30,1.0,0.8856048093659245,0.0,0.0,,
1974-07-31,1.0,1.1088429122366774,0.0,0.0,,
1974-08-31,1.0,0.9942151573163528,0.0,0.0,,
1974-09-30,1.0,0.9111723252118871,0.0,0.0,,
1974-10-31,1.0,0.7505916897335752,0.0,0.0,,
1974-11-30,1.0,0.7099267938717644,0.0,0.0,,
1974-12-31,1.0,0.6715902201593614,0.0,0.0,,
1975-01-31,1.0,0.5641352625144468,0.0,0.0,,
1975-02-28,1.0,0.5696226477756978,0.0,0.0,,
1975-03-31,1.0,0.6056109927508431,0.0,0.0,,
1975-04-30,1.0,0.6774955096010378,0.0,0.0,,
1975-05-31,1.0,0.7394447256096099,0.0,1.0,,
1975-06-30,1.0,0.7726213017779734,1.0,1.0,,
1975-07-31,1.0,1.114830090444023,0.0,1.0,,
1975-08-31,1.0,1.1101241126771082,0.0,1.0,,
1975-09-30,1.0,1.0707894940511997,0.0,0.0,,
1975-10-31,1.0,1.050892598330532,0.0,0.0,,
1975-11-30,1.0,1.0498776445226567,1.0,0.0,,
1975-12-31,1.0,1.0158095050555045,0.0,1.0,,
1976-01-31,1.0,1.0503548360790524,1.0,1.0,,
1976-02-29,1.0,1.1703282630053338,1.0,1.0,,
1976-03-31,1.0,1.3095663292898299,1.0,1.0,,
1976-04-30,1.0,1.2399704263591016,1.0,1.0,,
1976-05-31,1.0,1.2554634725603893,1.0,1.0,,
1976-06-30,1.0,1.38351760165075,1.0,1.0,,
1976-07-31,1.0,1.5184733893218687,1.0,1.0,,
1976-08-31,1.0,1.6302175810528847,1.0,1.0,,
1976-09-30,1.0,1.783623235950429,1.0,1.0,,
1976-10-31,1.0,2.0,1.0,1.0,,
1976-11-30,1.0,1.9129838030540725,1.0,1.0,,
1976-12-31,1.0,1.920808314863188,1.0,1.0,,
1977-01-31,1.0,1.8307380438475187,1.0,1.0,,
1977-02-28,1.0,1.9340278800372217,1.0,1.0,,
1977-03-31,1.0,1.8422864063168962,1.0,1.0,,
1977-04-30,1.0,1.9419770558854228,1.0,1.0,,
1977-05-31,1.0,2.0,1.0,1.0,,
1977-06-30,1.0,2.0,1.0,1.0,,
1977-07-31,1.0,2.0,1.0,1.0,,
1977-08-31,1.0,1.9561579611803848,1.0,1.0,,
1977-09-30,1.0,2.0,1.0,1.0,,
1977-10-31,1.0,1.999996289774277,1.0,1.0,,
1977-11-30,1.0,1.8920230496299109,1.0,1.0,,
1977-12-31,1.0,1.7560722578545511,1.0,1.0,,
1978-01-31,1.0,1.6823589487514532,1.0,1.0,,
1978-02-28,1.0,1.7258802320105566,1.0,1.0,,
1978-03-31,1.0,1.6959145621954463,1.0,1.0,,
1978-04-30,1.0,1.5970155223601918,1.0,0.0,,
1978-05-31,1.0,1.5943358977133921,1.0,0.0,,
1978-06-30,1.0,1.5530685650258247,1.0,0.0,,
1978-07-31,1.0,1.5677534497880312,1.0,0.0,,
1978-08-31,1.0,1.4949337427885028,1.0,0.0,,
1978-09-30,1.0,1.1141184121975796,1.0,0.0,,
1978-10-31,1.0,0.7844998624342067,1.0,0.0,,
1978-11-30,1.0,0.6381585500995852,1.0,0.0,,
1978-12-31,1.0,0.6280019919631216,1.0,0.0,,
1979-01-31,1.0,0.6342189077330783,1.0,0.0,,
1979-02-28,1.0,0.6332811451524484,1.0,0.0,,
1979-03-31,1.0,0.6706998630878616,1.0,0.0,,
1979-04-30,1.0,0.8677932024185422,1.0,0.0,,
1979-05-31,1.0,1.375016153994644,1.0,0.0,,
1979-06-30,1.0,1.4902339312688597,1.0,0.0,,
1979-07-31,1.0,1.4178590443446297,1.0,0.0,,
1979-08-31,1.0,1.4209330299356753,1.0,0.0,,
1979-09-30,1.0,1.2740802690500117,1.0,0.0,,
1979-10-31,1.0,0.973516229832413,1.0,0.0,,
1979-11-30,1.0,0.8569549496028728,1.0,0.0,,
1979-12-31,1.0,0.838626070113313,1.0,0.0,,
1980-01-31,1.0,0.7852667519105656,1.0,0.0,,
1980-02-29,1.0,0.6761287268073298,1.0,0.0,,
1980-03-31,1.0,0.4664791651223556,1.0,0.0,,
1980-04-30,1.0,0.4661281792143581,1.0,0.0,,
1980-05-31,1.0,0.47683552466411694,1.0,0.0,,
1980-06-30,1.0,0.4760001008826013,1.0,0.0,,
1980-07-31,1.0,0.4950133709998159,1.0,0.0,,
1980-08-31,1.0,0.5465972505075576,1.0,0.0,,
1980-09-30,1.0,0.8310049507471003,1.0,0.0,,
1980-10-31,1.0,0.8196484442124158,1.0,0.0,,
1980-11-30,1.0,0.711361676217961,1.0,0.0,,
1980-12-31,1.0,0.5932097882375867,1.0,0.0,0.0,0.0
1981-01-31,1.0,0.5300834400808547,1.0,0.0,0.0,0.0
1981-02-28,1.0,0.5236721705066815,1.0,0.0,0.0,0.0
1981-03-31,1.0,0.5368552794181958,1.0,0.0,0.0,0.0
1981-04-30,1.0,0.574648235472026,1.0,0.0,0.0,0.0
1981-05-31,1.0,0.667493542668101,1.0,0.0,1.0,0.667493542668101
1981-06-30,1.0,0.8192407445115757,1.0,0.0,1.0,0.8192407445115757
1981-07-31,1.0,1.0223078446465783,1.0,0.0,0.0,0.0
1981-08-31,1.0,1.1481925717225965,1.0,0.0,0.0,0.0
1981-09-30,1.0,1.145626807953649,1.0,0.0,0.0,0.0
1981-10-31,1.0,1.0910706518641362,1.0,0.0,1.0,1.0910706518641362
1981-11-30,1.0,1.078054648890225,1.0,0.0,1.0,1.078054648890225
1981-12-31,1.0,1.1138645939923217,1.0,0.0,1.0,1.1138645939923217
1982-01-31,1.0,1.0427410748300978,1.0,0.0,1.0,1.0427410748300978
1982-02-28,1.0,0.9168364088693507,1.0,0.0,1.0,0.9168364088693507
1982-03-31,1.0,0.7793324060801067,1.0,0.0,1.0,0.7793324060801067
1982-04-30,1.0,0.7548926649348936,1.0,0.0,1.0,0.7548926649348936
1982-05-31,1.0,0.7386556274050375,1.0,0.0,1.0,0.7386556274050375
1982-06-30,1.0,0.7289088532490158,1.0,0.0,1.0,0.7289088532490158
1982-07-31,1.0,0.7606025050387483,0.0,0.0,1.0,0.7606025050387483
1982-08-31,1.0,0.7135547236113889,1.0,0.0,1.0,0.7135547236113889
1982-09-30,1.0,0.7534617255730147,1.0,0.0,1.0,0.7534617255730147
1982-10-31,1.0,0.6191528637085132,1.0,0.0,1.0,0.6191528637085132
1982-11-30,1.0,0.6312917825656091,1.0,0.0,1.0,0.6312917825656091
1982-12-31,1.0,0.5746053921670419,1.0,0.0,1.0,0.5746053921670419
1983-01-31,1.0,0.5303311730726044,1.0,0.0,1.0,0.5303311730726044
1983-02-28,1.0,0.5762697782872368,1.0,0.0,1.0,0.5762697782872368
1983-03-31,1.0,0.5642012819195548,1.0,0.0,1.0,0.5642012819195548
1983-04-30,1.0,0.659846792534309,1.0,1.0,0.0,0.0
1983-05-31,1.0,0.6557561139753725,1.0,1.0,0.0,0.0
1983-06-30,1.0,0.7206076474960095,1.0,1.0,0.0,0.0
1983-07-31,1.0,0.7785039701278194,1.0,1.0,0.0,0.0
1983-08-31,1.0,0.7268778693919857,1.0,1.0,0.0,0.0
1983-09-30,1.0,0.7631747715587794,1.0,1.0,0.0,0.0
1983-10-31,1.0,0.7916640260378689,1.0,1.0,0.0,0.0
1983-11-30,1.0,0.8413779038037461,1.0,0.0,0.0,0.0
1983-12-31,1.0,0.9359580325682543,1.0,0.0,0.0,0.0
1984-01-31,1.0,1.1473638446278542,1.0,1.0,0.0,0.0
1984-02-29,1.0,1.436675480255956,1.0,1.0,0.0,0.0
1984-03-31,1.0,1.5185996190159963,1.0,1.0,0.0,0.0
1984-04-30,1.0,1.6111116669686758,1.0,0.0,0.0,0.0
1984-05-31,1.0,1.3597967603310772,1.0,0.0,0.0,0.0
1984-06-30,1.0,1.2264184721143578,1.0,0.0,0.0,0.0
1984-07-31,1.0,1.1190354242847607,1.0,0.0,0.0,0.0
1984-08-31,1.0,0.8135618094601302,1.0,0.0,0.0,0.0
1984-09-30,1.0,0.8113668374579778,1.0,0.0,1.0,0.8113668374579778
1984-10-31,1.0,0.8243660671810755,1.0,0.0,1.0,0.8243660671810755
1984-11-30,1.0,0.8472024975103505,1.0,1.0,1.0,0.8472024975103505
1984-12-31,1.0,0.8361821220778533,1.0,1.0,1.0,0.8361821220778533
1985-01-31,1.0,0.9051411166294284,1.0,1.0,1.0,0.9051411166294284
1985-02-28,1.0,1.1488156134417637,1.0,1.0,1.0,1.1488156134417637
1985-03-31,1.0,1.191189267652141,1.0,1.0,1.0,1.191189267652141
1985-04-30,1.0,1.2330599617484534,1.0,1.0,1.0,1.2330599617484534
1985-05-31,1.0,1.2738064789803498,1.0,1.0,1.0,1.2738064789803498
1985-06-30,1.0,1.3225394227811251,1.0,1.0,1.0,1.3225394227811251
1985-07-31,1.0,1.3425713577997156,1.0,1.0,1.0,1.3425713577997156
1985-08-31,1.0,1.373711677547142,1.0,1.0,1.0,1.373711677547142
1985-09-30,1.0,1.331783263632978,1.0,1.0,1.0,1.331783263632978
1985-10-31,1.0,1.3253637974291845,1.0,1.0,1.0,1.3253637974291845
1985-11-30,1.0,1.3183500188155215,1.0,1.0,1.0,1.3183500188155215
1985-12-31,1.0,1.3771820360407574,1.0,1.0,1.0,1.3771820360407574
1986-01-31,1.0,1.5260844605358974,1.0,1.0,1.0,1.5260844605358974
1986-02-28,1.0,1.4976858909516553,1.0,1.0,0.0,0.0
1986-03-31,1.0,1.3496822142073432,1.0,1.0,1.0,1.3496822142073432
1986-04-30,1.0,1.2147196580008293,1.0,1.0,1.0,1.2147196580008293
1986-05-31,1.0,1.1482221407613773,1.0,1.0,1.0,1.1482221407613773
1986-06-30,1.0,1.1659142945484469,1.0,1.0,1.0,1.1659142945484469
1986-07-31,1.0,1.0306055788709116,1.0,1.0,1.0,1.0306055788709116
1986-08-31,1.0,0.918260324817588,1.0,1.0,1.0,0.918260324817588
1986-09-30,1.0,0.8351512071942353,1.0,1.0,1.0,0.8351512071942353
1986-10-31,1.0,0.8540019411629379,1.0,1.0,1.0,0.8540019411629379
1986-11-30,1.0,0.8798970194689223,1.0,1.0,1.0,0.8798970194689223
1986-12-31,1.0,0.9055274815735568,1.0,1.0,1.0,0.9055274815735568
1987-01-31,1.0,1.0118570021390163,1.0,1.0,1.0,1.0118570021390163
1987-02-28,1.0,1.1196788901435066,1.0,1.0,1.0,1.1196788901435066
1987-03-31,1.0,1.3570264634607028,1.0,1.0,1.0,1.3570264634607028
1987-04-30,1.0,1.2782659868473778,1.0,0.0,0.0,0.0
1987-05-31,1.0,1.2940417079800308,1.0,0.0,0.0,0.0
1987-06-30,1.0,1.2730416194037177,1.0,0.0,1.0,1.2730416194037177
1987-07-31,1.0,1.2979748676993725,1.0,0.0,1.0,1.2979748676993725
1987-08-31,1.0,1.2706755117127564,1.0,1.0,1.0,1.2706755117127564
1987-09-30,1.0,1.2043628909828346,1.0,0.0,0.0,0.0
1987-10-31,1.0,0.4799847092087931,1.0,0.0,0.0,0.0
1987-11-30,1.0,0.4579871118041372,1.0,0.0,0.0,0.0
1987-12-31,1.0,0.4495632390862282,1.0,0.0,1.0,0.4495632390862282
1988-01-31,1.0,0.43812749710059407,1.0,0.0,0.0,0.0
1988-02-29,1.0,0.44000519234707014,1.0,0.0,0.0,0.0
1988-03-31,1.0,0.44632503310342675,1.0,0.0,1.0,0.44632503310342675
1988-04-30,1.0,0.8135280485568401,1.0,0.0,1.0,0.8135280485568401
1988-05-31,1.0,1.0496741106755272,1.0,0.0,1.0,1.0496741106755272
1988-06-30,1.0,1.1663534634602954,1.0,0.0,1.0,1.1663534634602954
1988-07-31,1.0,1.5563988904950066,1.0,0.0,1.0,1.5563988904950066
1988-08-31,1.0,1.6482695963416316,1.0,0.0,1.0,1.6482695963416316
1988-09-30,1.0,1.8095791596644097,1.0,0.0,1.0,1.8095791596644097
1988-10-31,1.0,1.8823603197887877,1.0,0.0,1.0,1.8823603197887877
1988-11-30,1.0,1.9551676152293913,1.0,0.0,1.0,1.9551676152293913
1988-12-31,1.0,2.0,1.0,0.0,1.0,2.0
1989-01-31,1.0,2.0,1.0,0.0,1.0,2.0
1989-02-28,1.0,2.0,1.0,0.0,1.0,2.0
1989-03-31,1.0,2.0,1.0,0.0,1.0,2.0
1989-04-30,1.0,2.0,1.0,0.0,1.0,2.0
1989-05-31,1.0,2.0,1.0,0.0,1.0,2.0
1989-06-30,1.0,2.0,1.0,0.0,1.0,2.0
1989-07-31,1.0,1.879639423996469,1.0,0.0,1.0,1.879639423996469
1989-08-31,1.0,1.6423457940463988,1.0,0.0,1.0,1.6423457940463988
1989-09-30,1.0,1.432743003114831,1.0,0.0,1.0,1.432743003114831
1989-10-31,1.0,1.1302610930803583,1.0,0.0,1.0,1.1302610930803583
1989-11-30,1.0,1.0971419052878961,1.0,0.0,1.0,1.0971419052878961
1989-12-31,1.0,1.1177757522957832,1.0,0.0,1.0,1.1177757522957832
1990-01-31,1.0,1.050860698774091,1.0,0.0,1.0,1.050860698774091
1990-02-28,1.0,1.0518929141068374,1.0,0.0,1.0,1.0518929141068374
1990-03-31,1.0,1.1150161176376108,1.0,0.0,1.0,1.1150161176376108
1990-04-30,1.0,1.3507573711749576,1.0,0.0,1.0,1.3507573711749576
1990-05-31,1.0,1.3860796083644462,1.0,0.0,1.0,1.3860796083644462
1990-06-30,1.0,1.2162546422704723,1.0,1.0,1.0,1.2162546422704723
1990-07-31,1.0,1.2735043609899355,1.0,1.0,1.0,1.2735043609899355
1990-08-31,1.0,1.2322916418970817,1.0,0.0,1.0,1.2322916418970817
1990-09-30,1.0,1.1157940672709181,1.0,0.0,1.0,1.1157940672709181
1990-10-31,1.0,1.0464174229246879,1.0,0.0,1.0,1.0464174229246879
1990-11-30,1.0,0.830013666104715,1.0,0.0,1.0,0.830013666104715
1990-12-31,1.0,0.7491307742450335,1.0,0.0,1.0,0.7491307742450335
1991-01-31,1.0,0.6819276269920637,1.0,0.0,1.0,0.6819276269920637
1991-02-28,1.0,0.6379313008441269,1.0,0.0,1.0,0.6379313008441269
1991-03-31,1.0,0.6564630440568507,1.0,1.0,1.0,0.6564630440568507
1991-04-30,1.0,0.6787302398384564,1.0,1.0,1.0,0.6787302398384564
1991-05-31,1.0,0.7273544889082232,1.0,1.0,1.0,0.7273544889082232
1991-06-30,1.0,0.8392665918981942,1.0,1.0,1.0,0.8392665918981942
1991-07-31,1.0,0.9367211805085601,1.0,1.0,1.0,0.9367211805085601
1991-08-31,1.0,1.1222978957123402,1.0,1.0,1.0,1.1222978957123402
1991-09-30,1.0,1.162341226929069,1.0,1.0,1.0,1.162341226929069
1991-10-31,1.0,1.1672341676045022,1.0,1.0,1.0,1.1672341676045022
1991-11-30,1.0,1.097119268042639,1.0,1.0,1.0,1.097119268042639
1991-12-31,1.0,1.0082133762860754,1.0,1.0,1.0,1.0082133762860754
1992-01-31,1.0,0.7969312132244869,1.0,1.0,1.0,0.7969312132244869
1992-02-29,1.0,0.7846046685677552,1.0,1.0,0.0,0.0
1992-03-31,1.0,0.7757865276564053,1.0,1.0,0.0,0.0
1992-04-30,1.0,0.7259105733234995,1.0,1.0,0.0,0.0
1992-05-31,1.0,0.7657921270840713,1.0,1.0,0.0,0.0
1992-06-30,1.0,0.8056574554322711,1.0,1.0,0.0,0.0
1992-07-31,1.0,0.9830912661530222,1.0,1.0,1.0,0.9830912661530222
1992-08-31,1.0,1.0745905005000984,1.0,1.0,1.0,1.0745905005000984
1992-09-30,1.0,1.1171393976227237,1.0,1.0,1.0,1.1171393976227237
1992-10-31,1.0,1.41768138766199,1.0,1.0,1.0,1.41768138766199
1992-11-30,1.0,1.5333600056938566,1.0,1.0,1.0,1.5333600056938566
1992-12-31,1.0,1.5468565740512483,1.0,1.0,1.0,1.5468565740512483
1993-01-31,1.0,1.4064625813179208,1.0,1.0,1.0,1.4064625813179208
1993-02-28,1.0,1.184274899172226,1.0,1.0,1.0,1.184274899172226
1993-03-31,1.0,1.0691652991526952,1.0,1.0,1.0,1.0691652991526952
1993-04-30,1.0,0.8918916464278975,1.0,1.0,1.0,0.8918916464278975
1993-05-31,1.0,0.8845796374668735,1.0,1.0,0.0,0.0
1993-06-30,1.0,0.8919448221172541,1.0,1.0,1.0,0.8919448221172541
1993-07-31,1.0,0.9368462745364727,1.0,1.0,1.0,0.9368462745364727
1993-08-31,1.0,0.9675290963185025,1.0,1.0,1.0,0.9675290963185025
1993-09-30,1.0,1.0058525549024635,1.0,1.0,1.0,1.0058525549024635
1993-10-31,1.0,1.152976180650744,1.0,1.0,1.0,1.152976180650744
1993-11-30,1.0,1.0289933155586641,1.0,1.0,1.0,1.0289933155586641
1993-12-31,1.0,1.0592370003678138,1.0,1.0,1.0,1.0592370003678138
1994-01-31,1.0,1.038194466211824,1.0,1.0,1.0,1.038194466211824
1994-02-28,1.0,1.103257729418404,1.0,1.0,1.0,1.103257729418404
1994-03-31,1.0,1.125610942888599,1.0,1.0,1.0,1.125610942888599
1994-04-30,1.0,0.9390662477709468,1.0,1.0,1.0,0.9390662477709468
1994-05-31,1.0,1.0312871829582575,1.0,1.0,1.0,1.0312871829582575
1994-06-30,1.0,1.022733520576189,1.0,1.0,1.0,1.022733520576189
1994-07-31,1.0,1.0683177303387232,1.0,1.0,1.0,1.0683177303387232
1994-08-31,1.0,1.0913092011820653,1.0,1.0,1.0,1.0913092011820653
1994-09-30,1.0,1.1846597477779812,1.0,1.0,1.0,1.1846597477779812
1994-10-31,1.0,1.997459414492744,1.0,1.0,1.0,1.997459414492744
1994-11-30,1.0,1.8467674133820315,1.0,1.0,1.0,1.8467674133820315
1994-12-31,1.0,1.9175236466796062,1.0,1.0,1.0,1.9175236466796062
1995-01-31,1.0,1.6310587524662887,1.0,1.0,1.0,1.6310587524662887
1995-02-28,1.0,1.6193926025769045,1.0,1.0,1.0,1.6193926025769045
1995-03-31,1.0,1.3550877577532063,1.0,1.0,1.0,1.3550877577532063
1995-04-30,1.0,1.2944497489537994,1.0,1.0,1.0,1.2944497489537994
1995-05-31,1.0,1.256538697486364,1.0,1.0,1.0,1.256538697486364
1995-06-30,1.0,1.2127560564753757,1.0,1.0,1.0,1.2127560564753757
1995-07-31,1.0,1.1926094507453204,1.0,1.0,1.0,1.1926094507453204
1995-08-31,1.0,1.1332817910175224,1.0,1.0,1.0,1.1332817910175224
1995-09-30,1.0,1.1423856686833227,1.0,1.0,1.0,1.1423856686833227
1995-10-31,1.0,1.0239443675988724,1.0,1.0,1.0,1.0239443675988724
1995-11-30,1.0,1.019124019712395,1.0,1.0,1.0,1.019124019712395
1995-12-31,1.0,1.0066705322842442,1.0,1.0,1.0,1.0066705322842442
1996-01-31,1.0,0.9643398747728856,1.0,1.0,1.0,0.9643398747728856
1996-02-29,1.0,0.9838204460441949,1.0,1.0,1.0,0.9838204460441949
1996-03-31,1.0,0.9839314710993604,1.0,1.0,1.0,0.9839314710993604
1996-04-30,1.0,1.045474452248196,1.0,1.0,1.0,1.045474452248196
1996-05-31,1.0,1.0499580541221185,1.0,1.0,1.0,1.0499580541221185
1996-06-30,1.0,1.0483947693606004,1.0,1.0,1.0,1.0483947693606004
1996-07-31,1.0,1.06905212238738,1.0,1.0,1.0,1.06905212238738
1996-08-31,1.0,1.0609318005527362,1.0,1.0,1.0,1.0609318005527362
1996-09-30,1.0,1.0898686480277107,1.0,1.0,1.0,1.0898686480277107
1996-10-31,1.0,1.1980472226687395,1.0,1.0,1.0,1.1980472226687395
1996-11-30,1.0,1.1715001884837397,1.0,1.0,1.0,1.1715001884837397
1996-12-31,1.0,1.1495237142857573,1.0,1.0,1.0,1.1495237142857573
1997-01-31,1.0,1.1865192021336437,1.0,1.0,1.0,1.1865192021336437
1997-02-28,1.0,1.0941284525150674,1.0,1.0,1.0,1.0941284525150674
1997-03-31,1.0,1.0616809265872553,1.0,1.0,1.0,1.0616809265872553
1997-04-30,1.0,0.9886033150645668,1.0,1.0,1.0,0.9886033150645668
1997-05-31,1.0,0.9715219197605903,1.0,1.0,1.0,0.9715219197605903
1997-06-30,1.0,1.014592835618438,1.0,1.0,1.0,1.014592835618438
1997-07-31,1.0,1.0618430692218332,1.0,1.0,1.0,1.0618430692218332
1997-08-31,1.0,1.1037646669876826,1.0,1.0,1.0,1.1037646669876826
1997-09-30,1.0,1.1070128175061005,1.0,1.0,1.0,1.1070128175061005
1997-10-31,1.0,1.0593737633852198,1.0,1.0,1.0,1.0593737633852198
1997-11-30,1.0,1.0443864947690016,1.0,1.0,1.0,1.0443864947690016
1997-12-31,1.0,1.0111777901667998,1.0,1.0,1.0,1.0111777901667998
1998-01-31,1.0,0.9822243012984486,1.0,1.0,1.0,0.9822243012984486
1998-02-28,1.0,1.0278333285431174,1.0,1.0,1.0,1.0278333285431174
1998-03-31,1.0,1.0659671933292048,1.0,1.0,1.0,1.0659671933292048
1998-04-30,1.0,1.1934551158380404,1.0,1.0,1.0,1.1934551158380404
1998-05-31,1.0,1.2409731416301422,1.0,1.0,1.0,1.2409731416301422
1998-06-30,1.0,1.2150931787185772,1.0,1.0,1.0,1.2150931787185772
1998-07-31,1.0,1.1635428801539809,1.0,1.0,1.0,1.1635428801539809
1998-08-31,1.0,1.0559595212511634,1.0,1.0,1.0,1.0559595212511634
1998-09-30,1.0,0.903533608096962,1.0,1.0,1.0,0.903533608096962
1998-10-31,1.0,0.6996279017733326,1.0,0.0,1.0,0.6996279017733326
1998-11-30,1.0,0.6434559137703019,1.0,1.0,1.0,0.6434559137703019
1998-12-31,1.0,0.57342716563056,1.0,1.0,1.0,0.57342716563056
1999-01-31,1.0,0.540491004075553,1.0,1.0,0.0,0.0
1999-02-28,1.0,0.5330965934743451,1.0,1.0,0.0,0.0
1999-03-31,1.0,0.5412189600659097,1.0,1.0,0.0,0.0
1999-04-30,1.0,0.42944114801513206,1.0,1.0,0.0,0.0
1999-05-31,1.0,0.42891015072132876,1.0,1.0,0.0,0.0
1999-06-30,1.0,0.44044694882341584,1.0,1.0,0.0,0.0
1999-07-31,1.0,0.4607949308480712,1.0,1.0,0.0,0.0
1999-08-31,1.0,0.4563261293216589,1.0,1.0,0.0,0.0
1999-09-30,1.0,0.45566709527832666,1.0,1.0,0.0,0.0
1999-10-31,1.0,0.6359750160056663,1.0,1.0,0.0,0.0
1999-11-30,1.0,0.6935982525710701,1.0,1.0,0.0,0.0
1999-12-31,1.0,0.6737650927746994,1.0,1.0,0.0,0.0
2000-01-31,1.0,0.556237918513712,1.0,1.0,0.0,0.0
2000-02-29,1.0,0.5039164830118418,1.0,1.0,0.0,0.0
2000-03-31,1.0,0.3502325452982702,1.0,1.0,0.0,0.0
2000-04-30,1.0,0.25668435524320415,1.0,1.0,0.0,0.0
2000-05-31,1.0,0.24283165556761874,1.0,0.0,0.0,0.0
2000-06-30,1.0,0.23879535889023462,1.0,0.0,0.0,0.0
2000-07-31,1.0,0.24286675557828435,1.0,1.0,0.0,0.0
2000-08-31,1.0,0.2530068273296684,1.0,1.0,0.0,0.0
2000-09-30,1.0,0.2854859113442386,1.0,1.0,1.0,0.2854859113442386
2000-10-31,1.0,0.4056728285315924,1.0,1.0,1.0,0.4056728285315924
2000-11-30,1.0,0.4652860554236162,1.0,1.0,1.0,0.4652860554236162
2000-12-31,1.0,0.44105819315911315,1.0,1.0,1.0,0.44105819315911315
2001-01-31,1.0,0.321899824660407,1.0,1.0,1.0,0.321899824660407
2001-02-28,1.0,0.2896626773831773,1.0,1.0,1.0,0.2896626773831773
2001-03-31,1.0,0.2583573938102981,0.0,1.0,1.0,0.2583573938102981
2001-04-30,1.0,0.22259439648085788,0.0,1.0,1.0,0.22259439648085788
2001-05-31,1.0,0.21432133191503375,0.0,1.0,1.0,0.21432133191503375
2001-06-30,1.0,0.21679975638406498,0.0,1.0,1.0,0.21679975638406498
2001-07-31,1.0,0.24177155919265178,0.0,1.0,1.0,0.24177155919265178
2001-08-31,1.0,0.25184212091091557,0.0,1.0,1.0,0.25184212091091557
2001-09-30,1.0,0.2639436588034946,0.0,1.0,1.0,0.2639436588034946
2001-10-31,1.0,0.33942439481494247,0.0,1.0,1.0,0.33942439481494247
2001-11-30,1.0,0.36021464352708116,0.0,1.0,1.0,0.36021464352708116
2001-12-31,1.0,0.3820555764675111,0.0,1.0,1.0,0.3820555764675111
2002-01-31,1.0,0.4111299652033385,0.0,1.0,1.0,0.4111299652033385
2002-02-28,1.0,0.4112562368502203,0.0,1.0,1.0,0.4112562368502203
2002-03-31,1.0,0.4776811373474648,0.0,1.0,1.0,0.4776811373474648
2002-04-30,1.0,0.5188096288772253,0.0,1.0,1.0,0.5188096288772253
2002-05-31,1.0,0.4865397459634682,0.0,1.0,0.0,0.0
2002-06-30,1.0,0.4632386164881283,0.0,1.0,0.0,0.0
2002-07-31,1.0,0.38308370733556585,0.0,1.0,1.0,0.38308370733556585
2002-08-31,1.0,0.3579880878765565,0.0,1.0,1.0,0.3579880878765565
2002-09-30,1.0,0.3479699576288728,0.0,1.0,1.0,0.3479699576288728
2002-10-31,1.0,0.32831088768175754,0.0,1.0,1.0,0.32831088768175754
2002-11-30,1.0,0.3147835584976468,0.0,1.0,0.0,0.0
2002-12-31,1.0,0.3159935118540039,0.0,1.0,0.0,0.0
2003-01-31,1.0,0.33801090899263525,0.0,1.0,0.0,0.0
2003-02-28,1.0,0.36101753587667257,0.0,1.0,1.0,0.36101753587667257
2003-03-31,1.0,0.3679505977945737,0.0,1.0,1.0,0.3679505977945737
2003-04-30,1.0,0.38293041958662477,0.0,1.0,1.0,0.38293041958662477
2003-05-31,1.0,0.46833791963834126,0.0,1.0,1.0,0.46833791963834126
2003-06-30,1.0,0.5307968528393152,0.0,1.0,1.0,0.5307968528393152
2003-07-31,1.0,0.6374735759633255,0.0,1.0,1.0,0.6374735759633255
2003-08-31,1.0,0.665435270164407,0.0,1.0,1.0,0.665435270164407
2003-09-30,1.0,0.7655238419785553,1.0,1.0,1.0,0.7655238419785553
2003-10-31,1.0,0.8099157748701268,1.0,1.0,1.0,0.8099157748701268
2003-11-30,1.0,0.8282840770610533,1.0,1.0,1.0,0.8282840770610533
2003-12-31,1.0,0.7620878280169735,1.0,1.0,1.0,0.7620878280169735
2004-01-31,1.0,0.7210054250901042,1.0,1.0,1.0,0.7210054250901042
2004-02-29,1.0,0.6553344994927465,1.0,1.0,1.0,0.6553344994927465
2004-03-31,1.0,0.6335329737129028,1.0,1.0,1.0,0.6335329737129028
2004-04-30,1.0,0.6498613557722209,1.0,1.0,1.0,0.6498613557722209
2004-05-31,1.0,0.6632956754774936,1.0,1.0,1.0,0.6632956754774936
2004-06-30,1.0,0.7092255690675096,1.0,1.0,1.0,0.7092255690675096
2004-07-31,1.0,0.7248157452711201,1.0,1.0,1.0,0.7248157452711201
2004-08-31,1.0,0.8138659389532631,1.0,1.0,1.0,0.8138659389532631
2004-09-30,1.0,0.859458843013702,1.0,1.0,1.0,0.859458843013702
2004-10-31,1.0,0.8561825890520564,1.0,1.0,1.0,0.8561825890520564
2004-11-30,1.0,0.8552562627628794,1.0,1.0,1.0,0.8552562627628794
2004-12-31,1.0,0.8140714622921211,1.0,1.0,1.0,0.8140714622921211
2005-01-31,1.0,0.8214276776490507,1.0,1.0,1.0,0.8214276776490507
2005-02-28,1.0,0.8110561417487547,1.0,1.0,1.0,0.8110561417487547
2005-03-31,1.0,0.766366367334592,1.0,1.0,1.0,0.766366367334592
2005-04-30,1.0,0.7740525597207991,1.0,1.0,1.0,0.7740525597207991
2005-05-31,1.0,0.7608170214868787,1.0,1.0,1.0,0.7608170214868787
2005-06-30,1.0,0.8062764927838012,1.0,1.0,1.0,0.8062764927838012
2005-07-31,1.0,0.7912623862786697,1.0,1.0,1.0,0.7912623862786697
2005-08-31,1.0,0.8235488875598511,1.0,1.0,1.0,0.8235488875598511
2005-09-30,1.0,0.9337713845840097,1.0,1.0,1.0,0.9337713845840097
2005-10-31,1.0,0.8472152413826863,1.0,1.0,1.0,0.8472152413826863
2005-11-30,1.0,0.8346558308548431,1.0,1.0,1.0,0.8346558308548431
2005-12-31,1.0,0.8258293188455836,1.0,1.0,1.0,0.8258293188455836
2006-01-31,1.0,0.8318762499033673,1.0,1.0,1.0,0.8318762499033673
2006-02-28,1.0,0.7993272531602221,1.0,1.0,1.0,0.7993272531602221
2006-03-31,1.0,0.783182745712927,1.0,1.0,1.0,0.783182745712927
2006-04-30,1.0,0.8740531629955484,1.0,1.0,1.0,0.8740531629955484
2006-05-31,1.0,0.7712918652273961,1.0,1.0,1.0,0.7712918652273961
2006-06-30,1.0,0.6592212726706065,1.0,1.0,1.0,0.6592212726706065
2006-07-31,1.0,0.6548197626007217,1.0,1.0,1.0,0.6548197626007217
2006-08-31,1.0,0.6709528982938138,1.0,1.0,1.0,0.6709528982938138
2006-09-30,1.0,0.6867983633167423,1.0,1.0,1.0,0.6867983633167423
2006-10-31,1.0,0.7231472402051569,1.0,1.0,1.0,0.7231472402051569
2006-11-30,1.0,0.8644254621800436,1.0,1.0,1.0,0.8644254621800436
2006-12-31,1.0,1.2732500238263642,1.0,1.0,1.0,1.2732500238263642
2007-01-31,1.0,1.4883092896857408,1.0,1.0,1.0,1.4883092896857408
2007-02-28,1.0,1.6074687829706047,1.0,1.0,1.0,1.6074687829706047
2007-03-31,1.0,1.75085563246174,1.0,1.0,1.0,1.75085563246174
2007-04-30,1.0,1.7605797014022067,1.0,1.0,1.0,1.7605797014022067
2007-05-31,1.0,1.7218894312804198,1.0,1.0,1.0,1.7218894312804198
2007-06-30,1.0,1.5913122162097406,1.0,1.0,1.0,1.5913122162097406
2007-07-31,1.0,1.4715172251059672,1.0,1.0,1.0,1.4715172251059672
2007-08-31,1.0,0.8793990151750785,1.0,0.0,1.0,0.8793990151750785
2007-09-30,1.0,0.8515524417000561,1.0,0.0,1.0,0.8515524417000561
2007-10-31,1.0,0.7517876952329177,1.0,1.0,1.0,0.7517876952329177
2007-11-30,1.0,0.6112260552474669,1.0,0.0,1.0,0.6112260552474669
2007-12-31,1.0,0.561699666540036,1.0,0.0,1.0,0.561699666540036
2008-01-31,1.0,0.4192695898290186,1.0,0.0,1.0,0.4192695898290186
2008-02-29,1.0,0.4199717377825415,1.0,0.0,1.0,0.4199717377825415
2008-03-31,1.0,0.36165292329185217,1.0,0.0,1.0,0.36165292329185217
2008-04-30,1.0,0.3378845956306471,1.0,0.0,1.0,0.3378845956306471
2008-05-31,1.0,0.33987654215716095,1.0,0.0,1.0,0.33987654215716095
2008-06-30,1.0,0.32105640746478464,1.0,0.0,1.0,0.32105640746478464
2008-07-31,1.0,0.25269821202874615,1.0,0.0,1.0,0.25269821202874615
2008-08-31,1.0,0.2341559240562849,1.0,0.0,1.0,0.2341559240562849
2008-09-30,1.0,0.2227029193995339,0.0,0.0,1.0,0.2227029193995339
2008-10-31,1.0,0.21845138304984277,0.0,0.0,1.0,0.21845138304984277
2008-11-30,1.0,0.18611710082207975,0.0,0.0,1.0,0.18611710082207975
2008-12-31,1.0,0.17913844593380193,0.0,0.0,1.0,0.17913844593380193
2009-01-31,1.0,0.18022933296898744,0.0,0.0,0.0,0.0
2009-02-28,1.0,0.177469255872267,0.0,0.0,1.0,0.177469255872267
2009-03-31,1.0,0.1592377115293008,0.0,0.0,0.0,0.0
2009-04-30,1.0,0.14496267111308597,0.0,0.0,0.0,0.0
2009-05-31,1.0,0.14735248059820982,0.0,0.0,0.0,0.0
2009-06-30,1.0,0.15121433239257523,0.0,0.0,0.0,0.0
2009-07-31,1.0,0.1650564492314598,0.0,0.0,0.0,0.0
2009-08-31,1.0,0.17842060264882484,0.0,0.0,0.0,0.0
2009-09-30,1.0,0.21328171031396148,0.0,0.0,0.0,0.0
2009-10-31,1.0,0.30315695367958867,0.0,0.0,0.0,0.0
2009-11-30,1.0,0.4068650777023141,0.0,1.0,1.0,0.4068650777023141
2009-12-31,1.0,0.5041678226088503,0.0,1.0,1.0,0.5041678226088503
2010-01-31,1.0,0.5677273237742803,0.0,1.0,0.0,0.0
2010-02-28,1.0,0.6322594950676227,0.0,1.0,1.0,0.6322594950676227
2010-03-31,1.0,0.6928655655001733,0.0,1.0,1.0,0.6928655655001733
2010-04-30,1.0,0.6864136526505454,0.0,1.0,1.0,0.6864136526505454
2010-05-31,1.0,0.5741013288488696,0.0,1.0,1.0,0.5741013288488696
2010-06-30,1.0,0.5425053828866865,0.0,1.0,1.0,0.5425053828866865
2010-07-31,1.0,0.5551944478811817,0.0,1.0,1.0,0.5551944478811817
2010-08-31,1.0,0.5940389247941712,0.0,1.0,1.0,0.5940389247941712
2010-09-30,1.0,0.6202050970409392,1.0,1.0,0.0,0.0
2010-10-31,1.0,0.6611147717136142,1.0,1.0,0.0,0.0
2010-11-30,1.0,0.8769161239673812,1.0,1.0,0.0,0.0
2010-12-31,1.0,1.0744470064047784,1.0,1.0,1.0,1.0744470064047784
2011-01-31,1.0,1.1186542720907804,1.0,1.0,1.0,1.1186542720907804
2011-02-28,1.0,1.0579184395386014,1.0,1.0,1.0,1.0579184395386014
2011-03-31,1.0,0.9595767367670438,1.0,1.0,1.0,0.9595767367670438
2011-04-30,1.0,0.9081157265310785,1.0,1.0,1.0,0.9081157265310785
2011-05-31,1.0,0.805868504083091,1.0,1.0,1.0,0.805868504083091
2011-06-30,1.0,0.7538376197414298,1.0,1.0,1.0,0.7538376197414298
2011-07-31,1.0,0.7602052130467144,1.0,1.0,1.0,0.7602052130467144
2011-08-31,1.0,0.6179902320139362,1.0,1.0,1.0,0.6179902320139362
2011-09-30,1.0,0.5670993670497095,1.0,1.0,1.0,0.5670993670497095
2011-10-31,1.0,0.4807069589584985,1.0,1.0,1.0,0.4807069589584985
2011-11-30,1.0,0.4580866086052107,1.0,1.0,1.0,0.4580866086052107
2011-12-31,1.0,0.43421915890978163,1.0,1.0,1.0,0.43421915890978163
2012-01-31,1.0,0.40950761580925205,1.0,1.0,0.0,0.0
2012-02-29,1.0,0.43657779563187077,1.0,1.0,1.0,0.43657779563187077
2012-03-31,1.0,0.448484390053168,1.0,1.0,1.0,0.448484390053168
2012-04-30,1.0,0.4945025308992772,1.0,1.0,1.0,0.4945025308992772
2012-05-31,1.0,0.5216917407606696,1.0,1.0,1.0,0.5216917407606696
2012-06-30,1.0,0.5599222676663389,1.0,1.0,1.0,0.5599222676663389
2012-07-31,1.0,0.6057464353049732,1.0,1.0,1.0,0.6057464353049732
2012-08-31,1.0,0.6079030188032823,1.0,1.0,1.0,0.6079030188032823
2012-09-30,1.0,0.6148614180950575,1.0,1.0,1.0,0.6148614180950575
2012-10-31,1.0,0.6436034399164545,1.0,1.0,0.0,0.0
2012-11-30,1.0,0.6816613024808542,1.0,1.0,0.0,0.0
2012-12-31,1.0,0.7464784597115649,1.0,1.0,0.0,0.0
2013-01-31,1.0,0.8566072361718844,1.0,1.0,1.0,0.8566072361718844
2013-02-28,1.0,0.9672624392127093,1.0,1.0,1.0,0.9672624392127093
2013-03-31,1.0,1.0264403132359219,1.0,1.0,1.0,1.0264403132359219
2013-04-30,1.0,1.009700897706053,1.0,1.0,1.0,1.009700897706053
2013-05-31,1.0,1.0266800084388015,1.0,1.0,1.0,1.0266800084388015
2013-06-30,1.0,0.9916977613580835,1.0,1.0,1.0,0.9916977613580835
2013-07-31,1.0,1.0064473640091938,1.0,1.0,1.0,1.0064473640091938
2013-08-31,1.0,0.9820197470028198,1.0,1.0,1.0,0.9820197470028198
2013-09-30,1.0,0.9563257483429358,1.0,1.0,1.0,0.9563257483429358
2013-10-31,1.0,0.9529607779704474,1.0,1.0,1.0,0.9529607779704474
2013-11-30,1.0,0.8665173879640208,1.0,1.0,1.0,0.8665173879640208
2013-12-31,1.0,0.8989492682302783,1.0,1.0,1.0,0.8989492682302783
2014-01-31,1.0,0.8370161649034886,1.0,1.0,1.0,0.8370161649034886
2014-02-28,1.0,0.8486335351949292,1.0,1.0,1.0,0.8486335351949292
2014-03-31,1.0,0.8206777070740491,1.0,1.0,1.0,0.8206777070740491
2014-04-30,1.0,0.6991888659384421,1.0,1.0,1.0,0.6991888659384421
2014-05-31,1.0,0.7486769331011272,1.0,1.0,1.0,0.7486769331011272
2014-06-30,1.0,0.7621893512860677,1.0,1.0,1.0,0.7621893512860677
2014-07-31,1.0,0.8138539047548707,1.0,1.0,1.0,0.8138539047548707
2014-08-31,1.0,0.8248030178625039,1.0,1.0,1.0,0.8248030178625039
2014-09-30,1.0,0.8966331208567389,1.0,1.0,1.0,0.8966331208567389
2014-10-31,1.0,1.1620609654001428,1.0,1.0,1.0,1.1620609654001428
2014-11-30,1.0,1.0545945192349409,1.0,1.0,1.0,1.0545945192349409
2014-12-31,1.0,0.9214910428030277,1.0,1.0,1.0,0.9214910428030277
2015-01-31,1.0,0.7459949068714442,1.0,1.0,1.0,0.7459949068714442
2015-02-28,1.0,0.6679981441189566,1.0,1.0,1.0,0.6679981441189566
2015-03-31,1.0,0.6299891369667888,1.0,1.0,1.0,0.6299891369667888
2015-04-30,1.0,0.5777425846794672,1.0,1.0,1.0,0.5777425846794672
2015-05-31,1.0,0.5706198418642251,1.0,1.0,1.0,0.5706198418642251
2015-06-30,1.0,0.5961760958861635,1.0,1.0,1.0,0.5961760958861635
2015-07-31,1.0,0.5961619858313802,1.0,1.0,1.0,0.5961619858313802
2015-08-31,1.0,0.5300934947475124,1.0,1.0,1.0,0.5300934947475124
2015-09-30,1.0,0.5025890408545238,1.0,1.0,1.0,0.5025890408545238
2015-10-31,1.0,0.4480678173921493,1.0,1.0,1.0,0.4480678173921493
2015-11-30,1.0,0.42953202975580945,1.0,1.0,0.0,0.0
2015-12-31,1.0,0.402747122662258,1.0,1.0,0.0,0.0
2016-01-31,1.0,0.3762566023048454,1.0,1.0,0.0,0.0
2016-02-29,1.0,0.35793523006713945,1.0,1.0,0.0,0.0
2016-03-31,1.0,0.32804407625942017,1.0,1.0,0.0,0.0
2016-04-30,1.0,0.34750952108750877,1.0,1.0,0.0,0.0
2016-05-31,1.0,0.3469772389130617,1.0,1.0,0.0,0.0
2016-06-30,1.0,0.34178355391253007,1.0,1.0,0.0,0.0
2016-07-31,1.0,0.3631136487637084,1.0,1.0,1.0,0.3631136487637084
2016-08-31,1.0,0.4159807394134279,1.0,1.0,1.0,0.4159807394134279
2016-09-30,1.0,0.5157602281404123,1.0,1.0,1.0,0.5157602281404123
2016-10-31,1.0,0.5686456230939796,1.0,1.0,1.0,0.5686456230939796
2016-11-30,1.0,0.5630781898577466,1.0,1.0,1.0,0.5630781898577466
2016-12-31,1.0,0.7010374980102015,1.0,1.0,1.0,0.7010374980102015
2017-01-31,1.0,0.734934693477896,1.0,1.0,1.0,0.734934693477896
2017-02-28,1.0,0.7915496438259919,1.0,1.0,1.0,0.7915496438259919
2017-03-31,1.0,0.7346886200806955,1.0,1.0,1.0,0.7346886200806955
2017-04-30,1.0,0.7356398689246417,1.0,1.0,1.0,0.7356398689246417
2017-05-31,1.0,0.8308485191627455,1.0,1.0,1.0,0.8308485191627455
2017-06-30,1.0,0.7510206533690513,1.0,1.0,1.0,0.7510206533690513
2017-07-31,1.0,0.7409832308286372,1.0,1.0,1.0,0.7409832308286372
2017-08-31,1.0,0.770395752779551,1.0,1.0,1.0,0.770395752779551
2017-09-30,1.0,0.7530428993520158,1.0,1.0,1.0,0.7530428993520158
2017-10-31,1.0,0.7704195014155681,1.0,1.0,1.0,0.7704195014155681
2017-11-30,1.0,0.6902178083001056,1.0,1.0,1.0,0.6902178083001056
2017-12-31,1.0,0.6969261964935193,1.0,1.0,1.0,0.6969261964935193
2018-01-31,1.0,0.7292155854765416,1.0,1.0,1.0,0.7292155854765416
2018-02-28,1.0,0.7260874343787826,1.0,1.0,1.0,0.7260874343787826
2018-03-31,1.0,0.6768401551062825,1.0,1.0,1.0,0.6768401551062825
2018-04-30,1.0,0.63961882215929,1.0,1.0,1.0,0.63961882215929
2018-05-31,1.0,0.679077848272272,1.0,1.0,1.0,0.679077848272272
2018-06-30,1.0,0.7484664626773232,1.0,1.0,1.0,0.7484664626773232
2018-07-31,1.0,0.7044223175308867,1.0,1.0,1.0,0.7044223175308867
2018-08-31,1.0,0.6923529796770914,1.0,1.0,1.0,0.6923529796770914
2018-09-30,1.0,0.6957977608411843,1.0,1.0,1.0,0.6957977608411843
2018-10-31,1.0,0.6379999657770081,1.0,1.0,1.0,0.6379999657770081
2018-11-30,1.0,0.6028752352273529,1.0,1.0,1.0,0.6028752352273529
2018-12-31,1.0,0.6063505530782954,1.0,1.0,1.0,0.6063505530782954
2019-01-31,1.0,0.5686839629840804,1.0,1.0,1.0,0.5686839629840804
2019-02-28,1.0,0.5823240441094396,1.0,1.0,1.0,0.5823240441094396
2019-03-31,1.0,0.618111670095434,1.0,1.0,0.0,0.0
2019-04-30,1.0,0.6485864132728067,1.0,1.0,1.0,0.6485864132728067
2019-05-31,1.0,0.639571975282697,1.0,1.0,0.0,0.0
2019-06-30,1.0,0.5747010112804011,1.0,1.0,1.0,0.5747010112804011
2019-07-31,1.0,0.5931709897694378,1.0,1.0,1.0,0.5931709897694378
2019-08-31,1.0,0.5367372930828868,1.0,1.0,1.0,0.5367372930828868
2019-09-30,1.0,0.4275663909915466,1.0,1.0,1.0,0.4275663909915466
2019-10-31,1.0,0.42135144835535454,1.0,1.0,1.0,0.42135144835535454
2019-11-30,1.0,0.40650876897900406,1.0,1.0,1.0,0.40650876897900406
2019-12-31,1.0,0.4342432048776766,1.0,1.0,1.0,0.4342432048776766
2020-01-31,1.0,0.4505880982913898,1.0,1.0,1.0,0.4505880982913898
2020-02-29,1.0,0.45590091903712504,1.0,1.0,1.0,0.45590091903712504
2020-03-31,1.0,0.4731866518115943,1.0,0.0,0.0,0.0
2020-04-30,1.0,0.3263279583756469,1.0,0.0,0.0,0.0
2020-05-31,1.0,0.2580427459594408,1.0,1.0,1.0,0.2580427459594408
2020-06-30,1.0,0.19843671561309162,1.0,1.0,0.0,0.0
2020-07-31,1.0,0.18530937451001406,1.0,1.0,0.0,0.0
2020-08-31,1.0,0.17774697055703692,1.0,1.0,0.0,0.0
2020-09-30,1.0,0.17523109039719081,1.0,1.0,1.0,0.17523109039719081
2020-10-31,1.0,0.18533295660378146,1.0,1.0,1.0,0.18533295660378146
2020-11-30,1.0,0.16389694919571707,1.0,1.0,0.0,0.0
2020-12-31,1.0,0.188711913160005,1.0,1.0,0.0,0.0
2021-01-31,1.0,0.199637192545024,1.0,1.0,0.0,0.0
2021-02-28,1.0,0.20612408483537864,1.0,1.0,0.0,0.0
2021-03-31,1.0,0.19718023644721622,1.0,1.0,1.0,0.19718023644721622
2021-04-30,1.0,0.2010817886312519,1.0,1.0,1.0,0.2010817886312519
2021-05-31,1.0,0.2903441370923658,1.0,1.0,1.0,0.2903441370923658
2021-06-30,1.0,0.30624622797604617,1.0,1.0,1.0,0.30624622797604617
2021-07-31,1.0,0.3029217019448128,1.0,1.0,1.0,0.3029217019448128
2021-08-31,1.0,0.3272931317704703,1.0,1.0,1.0,0.3272931317704703
2021-09-30,1.0,0.44619648019605934,1.0,1.0,1.0,0.44619648019605934
2021-10-31,1.0,0.479020202459192,1.0,1.0,1.0,0.479020202459192
2021-11-30,1.0,0.5361250495821479,1.0,1.0,1.0,0.5361250495821479
2021-12-31,1.0,0.5254017662380716,1.0,1.0,1.0,0.5254017662380716
2022-01-31,1.0,0.5792668006487105,1.0,1.0,1.0,0.5792668006487105
2022-02-28,1.0,0.4967942703598853,1.0,1.0,1.0,0.4967942703598853
2022-03-31,1.0,0.4461110017363175,1.0,1.0,1.0,0.4461110017363175
2022-04-30,1.0,0.4124044274786745,1.0,1.0,1.0,0.4124044274786745
2022-05-31,1.0,0.3714126613029957,1.0,1.0,1.0,0.3714126613029957
2022-06-30,1.0,0.318636585778751,1.0,1.0,1.0,0.318636585778751
2022-07-31,1.0,0.28138894126485664,1.0,1.0,1.0,0.28138894126485664
2022-08-31,1.0,0.2714544623812384,1.0,1.0,1.0,0.2714544623812384
2022-09-30,1.0,0.27416246959541346,1.0,1.0,1.0,0.27416246959541346
2022-10-31,1.0,0.27161030370135075,1.0,1.0,1.0,0.27161030370135075
2022-11-30,1.0,0.2415227247017461,1.0,1.0,1.0,0.2415227247017461
2022-12-31,1.0,0.2570980561810901,0.0,1.0,1.0,0.2570980561810901
2023-01-31,1.0,0.26807077284133146,1.0,1.0,1.0,0.26807077284133146
2023-02-28,1.0,0.26937429525334716,1.0,1.0,1.0,0.26937429525334716
2023-03-31,1.0,0.27257595667011253,1.0,1.0,1.0,0.27257595667011253
2023-04-30,1.0,0.28136391821457507,0.0,1.0,1.0,0.28136391821457507
2023-05-31,1.0,0.3386705354629374,0.0,1.0,1.0,0.3386705354629374
2023-06-30,1.0,0.3581798155250611,1.0,1.0,1.0,0.3581798155250611
2023-07-31,1.0,0.3942922780050097,1.0,1.0,1.0,0.3942922780050097
2023-08-31,1.0,0.4963185515390687,0.0,1.0,1.0,0.4963185515390687
2023-09-30,1.0,0.5191122811167695,0.0,1.0,1.0,0.5191122811167695
2023-10-31,1.0,0.5478533264577764,0.0,1.0,1.0,0.5478533264577764
2023-11-30,1.0,0.5322741894014553,0.0,1.0,1.0,0.5322741894014553
2023-12-31,1.0,0.5199053887140034,1.0,1.0,1.0,0.5199053887140034
2024-01-31,1.0,0.5228296670204545,1.0,1.0,1.0,0.5228296670204545
2024-02-29,1.0,0.48169007651912027,1.0,1.0,1.0,0.48169007651912027
2024-03-31,1.0,0.46647534992091383,1.0,1.0,1.0,0.46647534992091383
2024-04-30,1.0,0.4527388298911473,1.0,1.0,1.0,0.4527388298911473
2024-05-31,1.0,0.4790815078086848,1.0,1.0,1.0,0.4790815078086848
2024-06-30,1.0,0.5046664935869187,1.0,1.0,1.0,0.5046664935869187
2024-07-31,1.0,0.49196777661017127,1.0,1.0,1.0,0.49196777661017127
2024-08-31,1.0,0.5231661829090238,1.0,1.0,1.0,0.5231661829090238
2024-09-30,1.0,0.5326852366611001,1.0,1.0,1.0,0.5326852366611001
2024-10-31,1.0,0.5813911987440745,1.0,1.0,1.0,0.5813911987440745
2024-11-30,1.0,0.580902345491418,1.0,1.0,1.0,0.580902345491418
2024-12-31,1.0,0.5450440420080489,1.0,1.0,1.0,0.5450440420080489
2025-01-31,1.0,0.5153979632371184,1.0,1.0,1.0,0.5153979632371184
2025-02-28,1.0,0.5031283406495154,1.0,1.0,1.0,0.5031283406495154
2025-03-31,1.0,0.4484157783205374,1.0,1.0,1.0,0.4484157783205374
2025-04-30,1.0,0.42336369977866034,1.0,1.0,1.0,0.42336369977866034
2025-05-31,1.0,0.4043661173720494,1.0,1.0,1.0,0.4043661173720494
2025-06-30,1.0,0.41728305393987664,1.0,1.0,1.0,0.41728305393987664
2025-07-31,1.0,0.39676703410790176,1.0,1.0,1.0,0.39676703410790176
2025-08-31,1.0,0.38392580080966887,1.0,1.0,1.0,0.38392580080966887
2025-09-30,1.0,0.40747481274631997,1.0,1.0,1.0,0.40747481274631997
2025-10-31,1.0,0.4174217850823331,1.0,1.0,1.0,0.4174217850823331
2025-11-30,1.0,0.41530477233102,1.0,1.0,1.0,0.41530477233102
2025-12-31,1.0,0.4224989693929626,1.0,1.0,1.0,0.4224989693929626
2026-01-31,1.0,0.4494088630349602,1.0,1.0,1.0,0.4494088630349602
2026-02-28,1.0,0.42932825183635587,1.0,1.0,1.0,0.42932825183635587
2026-03-31,1.0,0.3777594222416718,1.0,1.0,1.0,0.3777594222416718
2026-04-30,1.0,0.36870101659926174,1.0,1.0,1.0,0.36870101659926174
2026-05-31,1.0,0.3513438348624676,1.0,1.0,1.0,0.3513438348624676
2026-06-30,1.0,0.3088470974743876,1.0,1.0,1.0,0.3088470974743876
2026-07-31,1.0,0.2687489082445461,1.0,1.0,1.0,0.2687489082445461
2026-08-31,1.0,0.27141071216455254,1.0,1.0,1.0,0.27141071216455254
