feature,DEV 1972-2004 slope%,DEV 1972-2004 t,VALID 2005-2016 slope%,VALID 2005-2016 t,survives
term,-0.031540158822398134,-0.1659385556555356,-0.36685873276946973,-0.8779063337131985,False
term_chg3,0.08801790668403447,0.5153277202202865,0.5289734562124248,0.8896796978565732,False
rate_chg12,0.0031631242080309195,0.01848466185943095,0.1718179120357661,0.2513558309496844,False
ff_chg6,-0.0911620960820691,-0.3523689100431312,0.7890094877124448,0.43480215110467185,False
credit,-0.19087148897904957,-1.0301506429862977,-1.293899529878278,-1.7081820917631956,False
credit_chg3,0.03499397124682047,0.16682552670095138,0.5405354184228033,1.3226617069198428,False
cpi_yoy,-0.04591577189407855,-0.2073732769174702,2.035232946473057,1.784786754921741,False
cpi_trend,-0.13034989662683755,-0.5970041615633136,0.37936177549633676,1.1407655735909146,False
unemp_chg6,0.044986920387350623,0.19448441009777653,-1.3121421884393902,-1.8894930445894955,False
ip_yoy,0.032763100165038216,0.1340683287238471,1.6150536632215544,2.263518139955823,False
claims_yoy,0.0033997216574083115,0.010243198313433097,-1.6503443063964327,-1.793326892791673,False
nfci,0.08620286656810017,0.2639389156157427,-1.7413717554635777,-1.3013497744213915,False
mkt_24m,0.11955732142151354,0.5230703416881022,1.315503363884117,2.0259458222947346,False
mkt_vol6,-0.315193526422549,-1.5703785675435769,-1.0061530013969697,-1.7225951485264825,False
umd_vol6,-0.08225065264426971,-0.40527431251780427,-0.9202171446035803,-1.895063935180579,False
umd_12m,-0.08770414759477099,-0.42212278850375945,0.27814880266421743,0.8626180464932928,False
