,r1w (last week winners),r4w (last month winners),reversal_1w (last week losers),m12_1,m6_1,m3_1,rs_live (40/35/25 blend),hi52 (near 52w high),live_momentum_proxy,low_vol (-vol12),m12_1 + reversal,SPY (benchmark),Equal-weight universe
2017,-40.989951879696704,-34.907952315583415,27.620649157335354,-6.605401759123975,0.455990841374998,16.63025358808856,-6.102565580819763,-4.551360638128587,-9.529491805147227,-10.367831062543997,-6.70224445879003,15.303877264475796,14.211749340259416
2018,-25.289239811918662,-27.525655360640076,29.231009529706075,11.606402791755709,-27.90021512084211,-35.164655733676355,7.534912937001859,-3.3753749011141365,-11.42316199817568,-12.427921944785481,21.459766636759504,0.050001370996644035,1.2026137859487473
2019,-11.639505758333424,-1.6767109730820184,23.300267963915687,37.840755228516976,27.069971094172594,14.540116938037539,48.536876837019726,-0.5302695579204264,17.707500237054763,-10.990677224641821,35.74085530712659,34.41744964127336,27.461911329279886
2020,-73.68433830351067,-72.87344467148243,-11.113105179791782,-25.414004569837477,36.757281454328286,8.612142992904603,23.681452795640713,-1.462613468190288,2.605424504551901,-12.64960379750837,39.57779432387814,13.410535785653433,10.04967589493939
2021,-78.66672280382305,-70.33193918022212,8.070461783363815,-12.921165865101159,-26.35133966989519,-33.075776251191336,-23.39110556758055,-17.564076052788803,-28.627114954933276,-16.54430403860673,-14.88896476652658,18.737805036736855,11.089399359857888
2022,-37.73551986224517,-52.10409234582796,-4.6548226154654255,9.768750076234145,-9.560560057003064,28.542861058741643,2.0261257692298473,-19.437185389246427,-1.4853736365188497,-34.33631565588973,-8.15772142312181,-5.298707839948536,3.1317458530866205
2023,-44.127010958576605,-56.9799690579325,-35.03150413382438,-22.334015305279685,-40.87255885616285,-53.63913299872991,-28.244821335746195,-20.442985674598447,-31.269041884889514,-2.1494696026447935,-7.917822382697293,11.743407492948133,7.956561710942567
2024,-45.11339518825809,-60.57003717037831,10.234061200856459,24.33415067936595,-22.707505755336598,1.992285198742283,25.515243606229344,16.42563484956472,-3.8786214703446786,2.4742959769388895,26.10452454990686,25.146600598670265,13.337740538937371
2025,-35.98615893927266,-64.0273808365665,-14.424501061927197,-42.84666049208376,-63.60554798483415,-65.844509398888,-46.98365912186324,-6.904232398684263,-7.0919426396976455,-14.52591805535709,-28.804542946812795,3.5034397155440766,4.774130205088234
2026,-36.82070618192511,-46.819330978853834,-36.94180271773476,-24.750592614078627,-28.989426353542246,-18.875094117345647,-35.77974476337891,-2.0591876797040554,-2.3834821548957774,-19.65963621518947,-57.19876575486792,5.294398688398783,5.056437922282675
