,weeks,CAGR%,vol%,Sharpe,maxDD%,win%,worst_wk%
SPY (benchmark),508.0,11.954968090608586,14.934019251437622,0.8312651158890217,-17.997067161323322,60.43307086614173,-9.67395707572557
Equal-weight universe,508.0,9.840985300911864,18.185828270831173,0.6070106414968028,-23.3223365448741,54.7244094488189,-9.614385689192225
reversal_1w (last week losers),508.0,-3.3096421502929796,43.54064625914544,0.13239870642737517,-76.60554869975876,48.031496062992126,-20.766779864459433
m12_1 + reversal,508.0,-5.194668453796303,42.49120211442511,0.08365334377375302,-81.24874004037616,49.60629921259843,-21.5784927812318
rs_live (40/35/25 blend),508.0,-7.9624951394148376,42.90179874153384,0.017824532395625963,-81.81719553284319,48.818897637795274,-16.821740502459917
m12_1,508.0,-8.377219396667934,42.17822703914669,0.0010088942889499026,-74.72294564402996,50.78740157480315,-15.329639436473242
live_momentum_proxy,508.0,-8.774107772336848,26.63166892339585,-0.20905330205509923,-71.68064534896527,51.37795275590551,-17.05943220125424
m6_1,508.0,-21.077884936623402,47.85284822915542,-0.25629901681823974,-95.7659012337249,46.8503937007874,-23.70328508113953
m3_1,508.0,-20.52322290839047,45.82241505243406,-0.2715602920002587,-91.24957939564129,46.8503937007874,-26.72778317634814
hi52 (near 52w high),508.0,-6.716390628226732,14.755217737119247,-0.39696173332051654,-56.62053039566815,46.45669291338583,-8.506214129216932
r1w (last week winners),508.0,-47.97517144645085,44.61216043508078,-1.226394542494053,-99.82710385159453,42.125984251968504,-28.230983111855405
r4w (last month winners),508.0,-53.36496817297933,44.11479324782924,-1.4882496735060693,-99.94538525723142,40.55118110236221,-30.377679812148266
low_vol (-vol12),508.0,-13.95626083297553,9.418983406299178,-1.5465675212157273,-77.63833097269476,28.543307086614174,-10.187381083915653
