pool,factor,group,share,dev,dev_t,hold,hold_t
live_tue,prior_week_ret,Q1,0.18003615619476132,0.14943545000741854,1.721538035306043,-0.030025621480162655,-0.14761956419865094
live_tue,prior_week_ret,Q2,0.20011891370721516,-0.02220097638754987,-0.2871709275878468,0.0373668187290333,0.22508442755530456
live_tue,prior_week_ret,Q3,0.19996143339225453,-0.014405268706209047,-0.1865638380137078,0.04581157769408079,0.27213683939359434
live_tue,prior_week_ret,Q4,0.20004017354973483,-0.06340587119525587,-0.7728279945662994,0.18737574719684585,1.0354970162983153
live_tue,prior_week_ret,Q5,0.21984332315603405,-0.03202371994263223,-0.3119716353641662,-0.2201172995199246,-0.9043580204753495
live_tue,prior_week_ret,Q5-Q1,,-0.1814591699500507,-1.1052703439338454,-0.19009167803976196,-0.4957385426401717
live_tue,prior_4wk_ret,Q1,0.18003615619476132,0.049138548417325956,0.5135335124682333,0.011922448421846761,0.0653194498368692
live_tue,prior_4wk_ret,Q2,0.20007954362847502,-0.11399471091491391,-1.4863074240966172,-0.17377331843689928,-1.1540007065668492
live_tue,prior_4wk_ret,Q3,0.2000008034709947,0.07000161964764526,0.9482462927336363,-0.18240919687490723,-1.1571031902201414
live_tue,prior_4wk_ret,Q4,0.20004017354973483,0.07762419434689688,0.9851131455174852,0.05284006222583784,0.29454112436944285
live_tue,prior_4wk_ret,Q5,0.21984332315603405,-0.0714640992828946,-0.6610348088639603,0.26744809928546515,1.0249014096145819
live_tue,prior_4wk_ret,Q5-Q1,,-0.12060264770022064,-0.6805898415931223,0.2555256508636182,0.6593621682962469
live_tue,prior_week_vs_spy,Q1,0.18003615619476132,0.14943545000741854,1.721538035306043,-0.030025621480162655,-0.14761956419865094
live_tue,prior_week_vs_spy,Q2,0.20011891370721516,-0.02220097638754987,-0.2871709275878468,0.0373668187290333,0.22508442755530456
live_tue,prior_week_vs_spy,Q3,0.19996143339225453,-0.014405268706209047,-0.1865638380137078,0.04581157769408079,0.27213683939359434
live_tue,prior_week_vs_spy,Q4,0.20004017354973483,-0.06340587119525587,-0.7728279945662994,0.18737574719684585,1.0354970162983153
live_tue,prior_week_vs_spy,Q5,0.21984332315603405,-0.03202371994263223,-0.3119716353641662,-0.2201172995199246,-0.9043580204753495
live_tue,prior_week_vs_spy,Q5-Q1,,-0.1814591699500507,-1.1052703439338454,-0.19009167803976196,-0.4957385426401717
live_tue,dist_from_52w_high,Q1,0.18003615619476132,-0.08141807147336189,-0.9615845445108261,0.36900862382893673,2.022733997507341
live_tue,dist_from_52w_high,Q2,0.20004017354973483,-0.0884150990888511,-1.1434399930177037,-0.07392097126228801,-0.4881053398449089
live_tue,dist_from_52w_high,Q3,0.20007954362847502,0.03696723613935519,0.5151173940399238,-0.06413651450741925,-0.4128012435051859
live_tue,dist_from_52w_high,Q4,0.2000008034709947,0.06090795887779689,0.7610628454785773,0.030564365356548405,0.16514050370261066
live_tue,dist_from_52w_high,Q5,0.21984332315603405,0.05688352169998043,0.5717499780985991,-0.20424358966452874,-1.094917726424431
live_tue,dist_from_52w_high,Q5-Q1,,0.13830159317334226,0.8812094519285476,-0.5732522134934656,-1.8656747456142795
live_tue,trend_count,Q1,0.18007552627350148,-0.06797329426210284,-0.8338936474449972,0.010379399866837082,0.06340673051935662
live_tue,trend_count,Q2,0.2000008034709947,-0.05196835712264777,-0.7376857624552904,0.045637138499613386,0.2931954510680689
live_tue,trend_count,Q3,0.20004017354973483,0.0993348730223615,1.2696802379092433,0.21594490877415407,1.38560615396086
live_tue,trend_count,Q4,0.20004017354973483,0.07946806528212531,0.9424208684757711,0.036973535127267976,0.22010156182588791
live_tue,trend_count,Q5,0.21984332315603405,-0.06088779386896593,-0.5832939992120291,-0.27704790348106595,-1.0637722314060236
live_tue,trend_count,Q5-Q1,,0.007085500393136889,0.043907325774431634,-0.2874273033479031,-0.7817584425259829
live_tue,m12_1,Q1,0.18003615619476132,0.005141435959031719,0.05763124240311966,0.04873489585808154,0.2382004595657397
live_tue,m12_1,Q2,0.20004017354973483,-0.08722485380780451,-1.193250928964219,0.06272214903914991,0.3484368892023309
live_tue,m12_1,Q3,0.20007954362847502,-0.002310162223336045,-0.03131956782478522,0.04331051595886454,0.28617015504638704
live_tue,m12_1,Q4,0.2000008034709947,0.13171924399172769,1.519947907273924,-0.052332616236766744,-0.2908949708477438
live_tue,m12_1,Q5,0.21984332315603405,-0.043482455967800836,-0.40563155511177457,-0.08517424123219523,-0.39138640426818455
live_tue,m12_1,Q5-Q1,,-0.04862389192683257,-0.29165152585362625,-0.13390913709027671,-0.37108583150096663
live_tue,m3_1,Q1,0.18003615619476132,0.044568973521234824,0.5307424513944978,-0.041519695675573384,-0.20752788558321245
live_tue,m3_1,Q2,0.20007954362847502,-0.00039299845753003267,-0.005510238299721321,0.10607453374024026,0.5928608024825877
live_tue,m3_1,Q3,0.20004017354973483,-0.06877510722535121,-1.0132839192600416,0.24241761778755647,1.7042851562770913
live_tue,m3_1,Q4,0.20004017354973483,0.0664245594722712,0.8520145727859925,-0.04238732672186263,-0.2458771950382308
live_tue,m3_1,Q5,0.2198039530772939,-0.036928239592766206,-0.4080491146213398,-0.24708362621066315,-1.1151295535869294
live_tue,m3_1,Q5-Q1,,-0.08149721311400104,-0.5595447032314724,-0.20556393053508976,-0.5793782896500216
live_tue,vol_12wk,Q1,0.18003615619476132,-0.014133775028255281,-0.17786302144700358,-0.20230976438460213,-1.1635741072596741
live_tue,vol_12wk,Q2,0.20004017354973483,0.10058663527063398,1.3672729250949764,-0.004852785339416801,-0.030477750414255485
live_tue,vol_12wk,Q3,0.20004017354973483,-0.05212510661564625,-0.6990268259333912,0.08660995201050019,0.5643500976049426
live_tue,vol_12wk,Q4,0.20004017354973483,-0.09110944474198283,-1.1350655149619058,0.28828401236674317,1.7213418651984618
live_tue,vol_12wk,Q5,0.21984332315603405,0.049748534755206394,0.4927122482372888,-0.16712672045054472,-0.5938016979358316
live_tue,vol_12wk,Q5-Q1,,0.06388230978346172,0.41383214235069915,0.03518304393405738,0.08966421758260354
live_tue,max_week_12wk (lottery),Q1,0.18003615619476132,-0.0011442676858326177,-0.015182599922573061,-0.08106365247705544,-0.4465127051279537
live_tue,max_week_12wk (lottery),Q2,0.20007954362847502,-0.02931604663721942,-0.36196737025114906,0.0007457282952090905,0.0050428081611330056
live_tue,max_week_12wk (lottery),Q3,0.2000008034709947,0.07874320631848135,1.004853006109268,0.3277215455595834,1.8897036362631219
live_tue,max_week_12wk (lottery),Q4,0.20004017354973483,-0.10562103336255778,-1.2560586044924955,-0.17366429378150702,-0.8931747485008299
live_tue,max_week_12wk (lottery),Q5,0.21984332315603405,0.05218057325475726,0.5595321519515002,-0.07151463421276101,-0.27402309572481387
live_tue,max_week_12wk (lottery),Q5-Q1,,0.05332484094058983,0.3798635300122618,0.009549018264294344,0.026027701936274926
live_tue,beta_52wk,Q1,0.18003615619476132,-0.14297671951266142,-1.5550984730511854,-0.3746642007784058,-1.5917728797471482
live_tue,beta_52wk,Q2,0.20007954362847502,0.058165465074605224,0.7532863949741913,-0.16008796003516393,-0.9292309245981759
live_tue,beta_52wk,Q3,0.20004017354973483,0.03593822406291287,0.4734032561874847,-0.31387101052903815,-2.0412275722041087
live_tue,beta_52wk,Q4,0.20007954362847502,-0.04586950820694246,-0.5923008527889958,0.3053751272358598,1.7922737139680354
live_tue,beta_52wk,Q5,0.21976458299855375,0.0727190771792643,0.7256098906274715,0.4645838311756626,2.0095454985176175
live_tue,beta_52wk,Q5-Q1,,0.2156957966919258,1.2815259608969685,0.8392480319540685,2.1067417800246853
live_tue,idio_vol_52wk,Q1,0.16964245540735975,-0.018839401549186847,-0.23831614624061598,-0.0441083439089944,-0.29284753044972645
live_tue,idio_vol_52wk,Q2,0.18558974771010764,0.20379408261104026,2.5573625573071888,0.3261729757970097,2.009760054437068
live_tue,idio_vol_52wk,Q3,0.18456612566286357,-0.07165929427971965,-0.9473543531668999,0.00739148521526341,0.04868223497893898
live_tue,idio_vol_52wk,Q4,0.18555037763136747,-0.08030233771395039,-0.8725108240595805,0.08139224317582304,0.492834958232929
live_tue,idio_vol_52wk,Q5,0.19551261449461677,-0.07080255303643276,-0.5736678610758776,-0.36503714191413,-1.2662756131009227
live_tue,idio_vol_52wk,Q5-Q1,,-0.05196315148724589,-0.2987868440732718,-0.32092879800513563,-0.8391689219704191
live_tue,dollar_volume (size),Q1,0.18003615619476132,0.1696908361431903,1.596500781479531,-0.5365453592457536,-2.4624071995888
live_tue,dollar_volume (size),Q2,0.20004017354973483,-0.22476152773063252,-2.6812488419043685,-0.2601624253507197,-1.2585358552403674
live_tue,dollar_volume (size),Q3,0.20004017354973483,-0.18105486575058918,-2.4435763497089686,0.19255133289005796,1.1681557357957641
live_tue,dollar_volume (size),Q4,0.20011891370721513,0.08367174911602278,1.125661001475392,0.2935818458790355,2.22400034650464
live_tue,dollar_volume (size),Q5,0.21976458299855375,0.1542052660514293,1.889645300097926,0.23577641933590823,1.206065363795765
live_tue,dollar_volume (size),Q5-Q1,,-0.015485570091761026,-0.10104425432422633,0.7723217785816618,2.227472910387299
live_tue,volume_surge (last wk / 12wk),Q1,0.18007552627350148,0.032686382207736064,0.386885142319964,-0.17760247380665484,-1.0913881153435536
live_tue,volume_surge (last wk / 12wk),Q2,0.20004017354973483,0.02633315919213567,0.35093066985232085,0.016847398799316238,0.10644420953958897
live_tue,volume_surge (last wk / 12wk),Q3,0.2000008034709947,-0.12496552123940051,-1.6441704128796928,0.09166845363422803,0.5331804262024225
live_tue,volume_surge (last wk / 12wk),Q4,0.20007954362847502,0.04537120912961386,0.582656188199273,0.11577270205693749,0.6132982870502524
live_tue,volume_surge (last wk / 12wk),Q5,0.2198039530772939,0.020933456628724905,0.23722756088267524,-0.056976859428773285,-0.2306106594676756
live_tue,volume_surge (last wk / 12wk),Q5-Q1,,-0.011752925579011178,-0.0829967956305887,0.12062561437788161,0.34467425942617214
live_tue,price_level,Q1,0.18011489635224162,-0.09851359925420533,-0.9428907326676236,-0.24174134696894278,-1.0902480270016102
live_tue,price_level,Q2,0.19996143339225453,-0.0504564827161451,-0.6548769730293851,-0.1918500026535728,-1.0760522204462544
live_tue,price_level,Q3,0.200079543628475,-0.07942716848643301,-1.0137785152736811,-0.15812544076860355,-0.8214775594725146
live_tue,price_level,Q4,0.20015828378595532,0.1275890565857964,1.777876827281021,0.2625023434397362,1.7120343455016966
live_tue,price_level,Q5,0.21968584284107343,0.08393550536300089,1.1230255697522298,0.2795481046456608,1.667500295600769
live_tue,price_level,Q5-Q1,,0.18244910461720623,1.2234842164843036,0.5212894516146035,1.5834895764249717
live_tue,close_vs_week_high,Q1,0.18003615619476132,0.030504477644606634,0.2667908278518203,-0.31263269813461214,-1.3622575750040236
live_tue,close_vs_week_high,Q2,0.20011891370721513,0.029663954768519903,0.357219134549532,-0.10682010992893298,-0.5439489317955178
live_tue,close_vs_week_high,Q3,0.19996143339225453,0.036385060491559415,0.46636018984903993,-0.017751128352928826,-0.11652103323061262
live_tue,close_vs_week_high,Q4,0.20004017354973483,-0.028786431771852274,-0.37597834963972115,0.03545303427171856,0.23301937837970618
live_tue,close_vs_week_high,Q5,0.21984332315603405,-0.058410549385961415,-0.7124165985331871,0.3383067941583115,2.121913274335432
live_tue,close_vs_week_high,Q5-Q1,,-0.08891502703056801,-0.5279832797510642,0.6509394922929237,1.999430434047443
live_tue,friday_vs_prior_mean (stretch),Q1,0.18003615619476132,-0.018926752066165866,-0.20874059214231094,-0.14923532601479383,-0.7539537435847712
live_tue,friday_vs_prior_mean (stretch),Q2,0.20004017354973483,0.025161834650433368,0.3894322303406915,-0.13273272112237725,-0.9103195448931151
live_tue,friday_vs_prior_mean (stretch),Q3,0.20007954362847502,-0.024207620689792007,-0.33873736454343395,-0.06957216862973674,-0.43124177270301584
live_tue,friday_vs_prior_mean (stretch),Q4,0.2000008034709947,0.07776805955715155,0.9597932666063637,-0.005996536296539042,-0.039383762021605706
live_tue,friday_vs_prior_mean (stretch),Q5,0.21984332315603405,-0.05615596805524582,-0.5198077714633795,0.31249010546392314,1.1246020077431804
live_tue,friday_vs_prior_mean (stretch),Q5-Q1,,-0.037229215989079946,-0.21192509800117063,0.461725431478717,1.0848227980627927
live_tue,monday_ret (Fri close->Mon close),Q1,0.18007552627350148,0.08425561804902924,0.7547835240589628,0.26059389961783225,1.1352470580434983
live_tue,monday_ret (Fri close->Mon close),Q2,0.20004097702072954,-0.004454212360109716,-0.05698172675821034,0.2227452074610001,1.4463432349008123
live_tue,monday_ret (Fri close->Mon close),Q3,0.20003937007874012,0.04926486657753068,0.7252079408427206,0.07287559839314457,0.4526457835518416
live_tue,monday_ret (Fri close->Mon close),Q4,0.19996143339225453,0.030742981498354183,0.3883754347985306,-0.19018367375770256,-1.0574163807042158
live_tue,monday_ret (Fri close->Mon close),Q5,0.21988269323477422,-0.1374436722311599,-1.4525553998036265,-0.30459626914092525,-1.470433021083769
live_tue,monday_ret (Fri close->Mon close),Q5-Q1,,-0.22169929028018923,-1.2582727585812696,-0.5651901687587575,-1.5322180726853725
live_tue,monday_open_gap,Q1,0.1805455568053993,0.006078452178131065,0.0614705399649424,0.3606235550327975,1.7721122393499864
live_tue,monday_open_gap,Q2,0.1997669934115378,0.14319059024157524,1.7599572849237846,0.16966790993615002,1.0491928161157138
live_tue,monday_open_gap,Q3,0.19988188976377952,-0.027923217546054195,-0.35397933722283553,-0.2340334447163578,-1.417793669161211
live_tue,monday_open_gap,Q4,0.2002378274144303,-0.0373790198809253,-0.4717235459472838,-0.08205910619215843,-0.480891860587105
live_tue,monday_open_gap,Q5,0.219567732604853,-0.07107350523769215,-0.6760776112322979,-0.154729842152196,-0.7581040236073685
live_tue,monday_open_gap,Q5-Q1,,-0.07715195741582326,-0.4537234568561652,-0.5153533971849935,-1.5015419931416527
live_tue,monday_intraday (open->close),Q1,0.1801542664309818,0.059516322449274656,0.548716145905405,0.08004645484101565,0.3567596496079371
live_tue,monday_intraday (open->close),Q2,0.200079543628475,0.03875801504142529,0.49809330786968525,-0.02714440164701594,-0.17563388132573726
live_tue,monday_intraday (open->close),Q3,0.20004017354973483,-0.010817635643262182,-0.1572613102508187,0.304554153365284,2.0518261638311177
live_tue,monday_intraday (open->close),Q4,0.1998826932347742,-0.022407861633230528,-0.29594930979918305,0.07968298551256406,0.4366326773071227
live_tue,monday_intraday (open->close),Q5,0.21984332315603405,-0.05137880359810605,-0.5789695652057698,-0.38888368033163795,-2.0182974211506814
live_tue,monday_intraday (open->close),Q5-Q1,,-0.11089512604738076,-0.666835182250079,-0.4689301351726536,-1.3132248102194586
live_tue,tuesday_open_gap,Q1,0.18046922706090307,0.15584795417301112,1.4761298897835236,0.1786325350552552,0.8187100789388535
live_tue,tuesday_open_gap,Q2,0.20055198457335685,0.11909574115954627,1.5850822063697145,-0.09939145826051514,-0.5227095158429064
live_tue,tuesday_open_gap,Q3,0.19933151213241204,0.09183484226982185,1.221461657969371,0.2753564734918825,1.4703838974296073
live_tue,tuesday_open_gap,Q4,0.19995982645026514,-0.09695372167481685,-1.215745214644597,-0.21798555253590307,-1.1816361742441388
live_tue,tuesday_open_gap,Q5,0.21968744978306282,-0.24132545468171046,-2.7295633611205665,-0.10803438627443425,-0.5153332824086176
live_tue,tuesday_open_gap,Q5-Q1,,-0.3971734088547216,-2.3547058364792717,-0.28666692132968935,-0.7972369532406998
live_tue,earnings_last_week (flag),flag=1,0.05599228667845091,-0.10939023199523855,-0.44702128975738287,0.017788472941648432,0.0364254037426558
live_tue,earnings_last_week (flag),flag=0,0.9440077133215492,0.004437339804684147,0.38665268237062705,-0.025934702562042503,-1.0012115110020388
live_tue,earnings_in_hold_week (flag),flag=1,0.05823879157962398,0.661717690747973,1.4107878798842288,2.5927291789613096,2.358778835564854
live_tue,earnings_in_hold_week (flag),flag=0,0.941761208420376,-0.04032546966087311,-2.1333482321593573,-0.07740846848439634,-1.9078808680807438
live_tue,insider_buy_last_4wk (flag),flag=1,0.03493090149445605,0.236316146963729,0.8598103218002341,0.9930487929725562,1.4448417466447163
live_tue,insider_buy_last_4wk (flag),flag=0,0.9650690985055439,-0.004721944543455676,-0.4966293461982605,-0.019302118784896127,-1.3379870655811903
live_mon,prior_week_ret,Q1,0.18003615619476132,0.1103744534035647,1.1939482846327931,0.03867897446630307,0.1769765226730664
live_mon,prior_week_ret,Q2,0.20011891370721516,-0.03936669311150906,-0.4934201947353112,0.02163146430322527,0.11983840827400652
live_mon,prior_week_ret,Q3,0.19996143339225453,-0.005380258777392991,-0.06869821126858529,0.04533947043122283,0.26319534998194205
live_mon,prior_week_ret,Q4,0.20004017354973483,-0.08522569252331563,-1.0046739453323137,0.19820682187429656,1.0444590363946868
live_mon,prior_week_ret,Q5,0.21984332315603405,0.027044710606333556,0.251357334961174,-0.27226036359264516,-1.0963549844726683
live_mon,prior_week_ret,Q5-Q1,,-0.08332974279723118,-0.4822131970731072,-0.31093933805894813,-0.7699529001037072
live_mon,prior_4wk_ret,Q1,0.18003615619476132,0.02439969644156135,0.25190917379239874,-0.0008643266836394181,-0.0044785454480328075
live_mon,prior_4wk_ret,Q2,0.20007954362847502,-0.10450506739419631,-1.335360829546965,-0.23143352519971605,-1.5477646175365118
live_mon,prior_4wk_ret,Q3,0.2000008034709947,0.06889555556280852,0.9020213692608687,-0.12634296875202222,-0.7759618408592877
live_mon,prior_4wk_ret,Q4,0.20004017354973483,0.061176954713384066,0.7598790184785998,0.04798380411157025,0.25554273303907915
live_mon,prior_4wk_ret,Q5,0.21984332315603405,-0.043763909989334895,-0.3902183705057425,0.2828722088197533,1.0067972084037227
live_mon,prior_4wk_ret,Q5-Q1,,-0.06816360643089617,-0.37321289566951665,0.2837365355033927,0.6771015649949577
live_mon,prior_week_vs_spy,Q1,0.18003615619476132,0.1103744534035647,1.1939482846327931,0.03867897446630307,0.1769765226730664
live_mon,prior_week_vs_spy,Q2,0.20011891370721516,-0.03936669311150906,-0.4934201947353112,0.02163146430322527,0.11983840827400652
live_mon,prior_week_vs_spy,Q3,0.19996143339225453,-0.005380258777392991,-0.06869821126858529,0.04533947043122283,0.26319534998194205
live_mon,prior_week_vs_spy,Q4,0.20004017354973483,-0.08522569252331563,-1.0046739453323137,0.19820682187429656,1.0444590363946868
live_mon,prior_week_vs_spy,Q5,0.21984332315603405,0.027044710606333556,0.251357334961174,-0.27226036359264516,-1.0963549844726683
live_mon,prior_week_vs_spy,Q5-Q1,,-0.08332974279723118,-0.4822131970731072,-0.31093933805894813,-0.7699529001037072
live_mon,dist_from_52w_high,Q1,0.18003615619476132,-0.129678676122986,-1.5202665325928983,0.3469405376393289,1.8127241545151918
live_mon,dist_from_52w_high,Q2,0.20004017354973483,-0.10194626196438844,-1.2964455915235478,-0.08418051073607657,-0.5173786347102473
live_mon,dist_from_52w_high,Q3,0.20007954362847502,0.008708295980350594,0.1139704356064124,-0.12235897611116195,-0.7505886990842019
live_mon,dist_from_52w_high,Q4,0.2000008034709947,0.06244363312675354,0.7239820458146077,0.01634595726791684,0.08612145418269432
live_mon,dist_from_52w_high,Q5,0.21984332315603405,0.13256245579684472,1.2831312856872457,-0.11126727847122718,-0.5360031603645303
live_mon,dist_from_52w_high,Q5-Q1,,0.26224113191983084,1.654757351958857,-0.458207816110556,-1.3514598353181904
live_mon,trend_count,Q1,0.18007552627350148,-0.13142100457619713,-1.6257854368378242,-0.029145019379457838,-0.16986715376100667
live_mon,trend_count,Q2,0.2000008034709947,-0.06229071141059911,-0.8512209782001321,-0.025456926281523157,-0.155373991774491
live_mon,trend_count,Q3,0.20004017354973483,0.08745943278626,1.0723986405185983,0.16005702071213093,0.9712145315410946
live_mon,trend_count,Q4,0.20004017354973483,0.1037147809324807,1.1586257986896413,0.12933976340867526,0.6768359136051628
live_mon,trend_count,Q5,0.21984332315603405,-0.010712648397644447,-0.10136410512287497,-0.21376460337885228,-0.7765706842305932
live_mon,trend_count,Q5-Q1,,0.12070835617855266,0.7528843483403297,-0.18461958399939454,-0.47572049732715704
live_mon,m12_1,Q1,0.18003615619476132,-0.007637395861478807,-0.08436313636110979,-0.005250925695949731,-0.024385583550883674
live_mon,m12_1,Q2,0.20004017354973483,-0.1528602036431446,-2.076845436571029,0.013525481238284093,0.072824400387572
live_mon,m12_1,Q3,0.20007954362847502,0.0013456378703720028,0.01764287173873501,0.02223721121916106,0.14247712675741653
live_mon,m12_1,Q4,0.2000008034709947,0.12684182231875185,1.4335336850407134,-0.017817250013659205,-0.08927364576518283
live_mon,m12_1,Q5,0.21984332315603405,0.0277242036069606,0.2595163244009339,-0.008990411715729417,-0.038028930186968624
live_mon,m12_1,Q5-Q1,,0.035361599468439385,0.21246806990464176,-0.0037394860197797063,-0.009668125624691689
live_mon,m3_1,Q1,0.18003615619476132,0.015705521139304703,0.17660936400116192,-0.013063106867812209,-0.06314274699405718
live_mon,m3_1,Q2,0.20007954362847502,-0.023922455847982745,-0.3376973012070074,0.07568084270528225,0.4094360691453239
live_mon,m3_1,Q3,0.20004017354973483,-0.0846665649278358,-1.2454123129144066,0.1654584146240209,1.1701595378131486
live_mon,m3_1,Q4,0.20004017354973483,0.1033496340094759,1.2908532176745673,0.008541546562639274,0.048427919246711436
live_mon,m3_1,Q5,0.2198039530772939,-0.01109824020563926,-0.11427601867291416,-0.21960245204437986,-0.9161366621057928
live_mon,m3_1,Q5-Q1,,-0.02680376134494395,-0.17188618951047846,-0.20653934517656758,-0.5386333695963107
live_mon,vol_12wk,Q1,0.18003615619476132,-0.05784530024058882,-0.7157189130674834,-0.21870160593117915,-1.2034522683267956
live_mon,vol_12wk,Q2,0.20004017354973483,0.0722905421582301,0.9547512488761115,0.02321144224085179,0.14088388408872166
live_mon,vol_12wk,Q3,0.20004017354973483,-0.033912168251647404,-0.4375317461802001,0.06773219370482499,0.43592510672328105
live_mon,vol_12wk,Q4,0.20004017354973483,-0.058794965718317306,-0.7054583689273529,0.2627673445983593,1.4959020931982316
live_mon,vol_12wk,Q5,0.21984332315603405,0.06516684883313875,0.6297693219639667,-0.1394184726833163,-0.4672162549162677
live_mon,vol_12wk,Q5-Q1,,0.12301214907372751,0.7820150824245207,0.07928313324786286,0.18695311445230225
live_mon,max_week_12wk (lottery),Q1,0.18003615619476132,-0.05839910769512455,-0.7624066431451982,-0.10513988691564105,-0.5551493442652989
live_mon,max_week_12wk (lottery),Q2,0.20007954362847502,-0.0170577721417263,-0.20467471632297965,0.058643858905581256,0.3779404029936591
live_mon,max_week_12wk (lottery),Q3,0.2000008034709947,0.0835775090091602,0.9983300850634298,0.2676138833477255,1.4941829492012642
live_mon,max_week_12wk (lottery),Q4,0.20004017354973483,-0.05929878649653398,-0.6740121138126851,-0.22794514427217732,-1.147604314007199
live_mon,max_week_12wk (lottery),Q5,0.21984332315603405,0.04132982285641268,0.4295856186141549,-0.001338941953825943,-0.0048802133812317
live_mon,max_week_12wk (lottery),Q5-Q1,,0.09972893055153727,0.6918990608290986,0.10380094496181519,0.2619893471202628
live_mon,beta_52wk,Q1,0.18003615619476132,-0.15006555975895167,-1.546964578547283,-0.30972268899640454,-1.2428477004741594
live_mon,beta_52wk,Q2,0.20007954362847502,0.04278664605404414,0.5396979141091559,-0.20751960252902688,-1.1828615622462637
live_mon,beta_52wk,Q3,0.20004017354973483,-0.002493114514805981,-0.03301166608324283,-0.32559189241889824,-2.080825469136026
live_mon,beta_52wk,Q4,0.20007954362847502,-0.02608410589686779,-0.3270851650750868,0.2746671466109699,1.587838195635953
live_mon,beta_52wk,Q5,0.21976458299855375,0.10932798450244773,1.0811335476939925,0.4927892140547048,2.0561545054386214
live_mon,beta_52wk,Q5-Q1,,0.25939354426139943,1.5011067911367515,0.8025119030511093,1.934097670034657
live_mon,idio_vol_52wk,Q1,0.16964245540735975,-0.05308253073774435,-0.6819732362764986,-0.01315155577958364,-0.08254886599703912
live_mon,idio_vol_52wk,Q2,0.18558974771010764,0.14402292557001656,1.739722566396539,0.2829301940370201,1.7144994539215503
live_mon,idio_vol_52wk,Q3,0.18456612566286357,-0.06134730862874426,-0.7722948431365773,-0.015537878913085711,-0.10153816068211952
live_mon,idio_vol_52wk,Q4,0.18555037763136747,-0.06781588810536911,-0.7053163936343327,0.03653434114580314,0.21640484751432418
live_mon,idio_vol_52wk,Q5,0.19551261449461677,-0.02603047145660514,-0.20443948194651532,-0.2836798237687243,-0.9334733783614771
live_mon,idio_vol_52wk,Q5-Q1,,0.027052059281139226,0.1552985512190427,-0.2705282679891406,-0.66043137194173
live_mon,dollar_volume (size),Q1,0.18003615619476132,0.24209432537494532,2.168790170002265,-0.5128396865106344,-2.2029401385894833
live_mon,dollar_volume (size),Q2,0.20004017354973483,-0.23580670230172723,-2.847093904432901,-0.2884908904384052,-1.3727010794338972
live_mon,dollar_volume (size),Q3,0.20004017354973483,-0.1727890488840584,-2.2753707284850546,0.18141664041357633,1.0549136571055913
live_mon,dollar_volume (size),Q4,0.20011891370721513,0.018225387838168707,0.23707256890876524,0.342985344938521,2.3124805795787386
live_mon,dollar_volume (size),Q5,0.21976458299855375,0.15696858094098035,1.8911410656637766,0.2073517941709254,1.042284150068216
live_mon,dollar_volume (size),Q5-Q1,,-0.085125744433965,-0.5384869537866678,0.7201914806815598,1.9808764124510312
live_mon,volume_surge (last wk / 12wk),Q1,0.18007552627350148,-0.0002196326115992344,-0.0025768069196327337,-0.2509802010243805,-1.4140131688010036
live_mon,volume_surge (last wk / 12wk),Q2,0.20004017354973483,0.02507664933766739,0.32254873768546954,0.026395770397913226,0.16132128242305815
live_mon,volume_surge (last wk / 12wk),Q3,0.2000008034709947,-0.14144406515144603,-1.818145688528639,0.10108926681721855,0.5815563456640948
live_mon,volume_surge (last wk / 12wk),Q4,0.20007954362847502,0.04317059462145709,0.5396276083760808,0.19833947961656878,1.0476848752585264
live_mon,volume_surge (last wk / 12wk),Q5,0.2198039530772939,0.06591786359221385,0.7022455301575141,-0.09024118273279579,-0.35317598805532896
live_mon,volume_surge (last wk / 12wk),Q5-Q1,,0.0661374962038131,0.4480195034439788,0.1607390182915848,0.4336300749958589
live_mon,price_level,Q1,0.18011489635224162,-0.04981459982682827,-0.4388172381173592,-0.18350661148708058,-0.7833378451817011
live_mon,price_level,Q2,0.19996143339225453,-0.061506452180273286,-0.7841646466864669,-0.08412777447036798,-0.4330889711277521
live_mon,price_level,Q3,0.200079543628475,-0.09118254583631731,-1.1225262689203752,-0.20485118980712683,-1.0783575879280254
live_mon,price_level,Q4,0.20015828378595532,0.09176065203164344,1.2336163418161963,0.2351913170573514,1.4794822564038859
live_mon,price_level,Q5,0.21968584284107343,0.09731666524493998,1.2741095839403713,0.20136178915569472,1.1611566610395418
live_mon,price_level,Q5-Q1,,0.1471312650717682,0.9332285459297945,0.3848684006427753,1.1135866779461754
live_mon,close_vs_week_high,Q1,0.18003615619476132,0.10018182633307797,0.857402612368747,-0.13188481512631897,-0.5015752989795863
live_mon,close_vs_week_high,Q2,0.20011891370721513,0.0222343445130977,0.254523986214001,-0.19664748392716389,-0.9883008100696206
live_mon,close_vs_week_high,Q3,0.19996143339225453,0.04327913631977838,0.5385897910226393,0.021853398969890872,0.13946006168694905
live_mon,close_vs_week_high,Q4,0.20004017354973483,-0.06230664901918815,-0.8157931061305689,0.0013555245195153792,0.008375116449579813
live_mon,close_vs_week_high,Q5,0.21984332315603405,-0.08432424742727786,-1.0150521195173468,0.26708715958479856,1.6102703463766794
live_mon,close_vs_week_high,Q5-Q1,,-0.18450607376035574,-1.085252905941628,0.3989719747111175,1.0846461795313391
live_mon,friday_vs_prior_mean (stretch),Q1,0.18003615619476132,-0.060353998430604544,-0.6579345899995396,-0.19809992149088018,-0.9576153268915406
live_mon,friday_vs_prior_mean (stretch),Q2,0.20004017354973483,0.0536318786743761,0.792129867482514,-0.1033649376616831,-0.6889871405298026
live_mon,friday_vs_prior_mean (stretch),Q3,0.20007954362847502,-0.06078584207424591,-0.8158360127980855,-0.08343833195175523,-0.5083408069637932
live_mon,friday_vs_prior_mean (stretch),Q4,0.2000008034709947,0.08883764648734016,1.0691315921348348,-0.01462494894924794,-0.09092278352282088
live_mon,friday_vs_prior_mean (stretch),Q5,0.21984332315603405,-0.02493546187172739,-0.22226398690058383,0.345202679757633,1.1722882172703366
live_mon,friday_vs_prior_mean (stretch),Q5-Q1,,0.03541853655887711,0.1964337638532421,0.5433026012485132,1.2048215807335783
live_mon,earnings_last_week (flag),flag=1,0.05595291659971075,-0.04755947237003833,-0.17170260743055846,-0.3317060500254301,-0.6020607327018098
live_mon,earnings_last_week (flag),flag=0,0.9440470834002894,0.008578877870348492,0.7296650934402515,-0.01495186457061878,-0.569517052046964
live_mon,earnings_in_hold_week (flag),flag=1,0.05812068134340351,1.0370886343117924,2.022293999904959,2.295652430713346,2.1550547174718964
live_mon,earnings_in_hold_week (flag),flag=0,0.9418793186565967,-0.05970291639013077,-2.9959177722355435,-0.0693399399191996,-1.6244489881761421
live_mon,insider_buy_last_4wk (flag),flag=1,0.034891531415715896,0.1807025992547569,0.6605084438851955,1.021933111588698,1.45702482684725
live_mon,insider_buy_last_4wk (flag),flag=0,0.9651084685842841,-0.002198445326781174,-0.23197219261134044,-0.018789410371177186,-1.2731635276021656
slow_4w,prior_week_ret,Q1,0.17999999999999997,0.4242981489167437,1.2157796407237031,-0.9176948541498975,-1.398343652225768
slow_4w,prior_week_ret,Q2,0.19999999999999998,-0.13185767322435946,-0.452786071972157,1.1289138324990355,1.8621572551588519
slow_4w,prior_week_ret,Q3,0.19999999999999998,0.10909006272420288,0.3832642024028336,1.7054359328164213,3.177577278816304
slow_4w,prior_week_ret,Q4,0.19999999999999998,0.19161781453161073,0.6143417448418073,-0.1821560998265683,-0.3986233762016806
slow_4w,prior_week_ret,Q5,0.22,-0.5006532164150215,-1.5271308042249288,-1.6602439061399816,-2.4885267424607402
slow_4w,prior_week_ret,Q5-Q1,,-0.9249513653317655,-1.710949492571468,-0.7425490519900839,-0.687489642755697
slow_4w,prior_4wk_ret,Q1,0.17999999999999997,-0.40623914536172134,-1.039780393362997,-0.5272476063673183,-0.5934875844557022
slow_4w,prior_4wk_ret,Q2,0.19999999999999998,0.4802568965691224,1.353682942152423,0.320035979017791,0.49853358377707224
slow_4w,prior_4wk_ret,Q3,0.19999999999999998,0.5344269987151409,1.8314160260048142,0.6749016530771278,0.9864984101224846
slow_4w,prior_4wk_ret,Q4,0.19999999999999998,0.006734431853481231,0.02033752689846495,-0.4755415872796408,-0.8327301602996731
slow_4w,prior_4wk_ret,Q5,0.22,-0.5961846330110868,-1.3469703291439883,-0.04079381734971854,-0.04470172559155324
slow_4w,prior_4wk_ret,Q5-Q1,,-0.18994548764936547,-0.2770136242397521,0.4864537890175995,0.33432058747481597
slow_4w,prior_week_vs_spy,Q1,0.17999999999999997,0.4242981489167437,1.2157796407237031,-0.9176948541498975,-1.398343652225768
slow_4w,prior_week_vs_spy,Q2,0.19999999999999998,-0.13185767322435946,-0.452786071972157,1.1289138324990355,1.8621572551588519
slow_4w,prior_week_vs_spy,Q3,0.19999999999999998,0.10909006272420288,0.3832642024028336,1.7054359328164213,3.177577278816304
slow_4w,prior_week_vs_spy,Q4,0.19999999999999998,0.19161781453161073,0.6143417448418073,-0.1821560998265683,-0.3986233762016806
slow_4w,prior_week_vs_spy,Q5,0.22,-0.5006532164150215,-1.5271308042249288,-1.6602439061399816,-2.4885267424607402
slow_4w,prior_week_vs_spy,Q5-Q1,,-0.9249513653317655,-1.710949492571468,-0.7425490519900839,-0.687489642755697
slow_4w,dist_from_52w_high,Q1,0.17999999999999997,-0.203856610975574,-0.4963783029639686,-0.2328893224773342,-0.2911039610646235
slow_4w,dist_from_52w_high,Q2,0.200039603960396,0.2770373246822169,0.7880856933344951,-0.43492909857565193,-0.6177294797016561
slow_4w,dist_from_52w_high,Q3,0.19996039603960394,-0.11406819592050417,-0.30277675595027054,0.3297388492428617,0.423664029496922
slow_4w,dist_from_52w_high,Q4,0.20007920792079206,0.8252371103449218,1.9134144546125953,0.14001605525987032,0.20566757153341594
slow_4w,dist_from_52w_high,Q5,0.21992079207920792,-0.7306074120691277,-1.4847275769970774,0.1527667525618643,0.16158176690471596
slow_4w,dist_from_52w_high,Q5-Q1,,-0.5267508010935538,-0.7032127690958552,0.38565607503919846,0.26187570501843654
slow_4w,trend_count,Q1,0.180039603960396,-0.8726013770711947,-2.0678034682920723,0.24491390233084245,0.2775120333466132
slow_4w,trend_count,Q2,0.19996039603960394,0.06890714773097796,0.22382980393532464,1.889785295789821,2.284026015496618
slow_4w,trend_count,Q3,0.19999999999999998,0.35542049315300134,0.9817921668790274,0.3860774270454221,0.6234836091332769
slow_4w,trend_count,Q4,0.19999999999999998,-0.4617415624549627,-1.4630376459669112,-1.1580773768496782,-1.7761223067315226
slow_4w,trend_count,Q5,0.22,0.7479592372136895,1.4584116068547903,-1.2084478294130805,-1.3716872698243223
slow_4w,trend_count,Q5-Q1,,1.620560614284884,2.060778537653384,-1.453361731743923,-0.9792918840289032
slow_4w,m12_1,Q1,0.17999999999999997,0.06649026670673999,0.17568281827567872,-0.08037801626340098,-0.10357099328567519
slow_4w,m12_1,Q2,0.19999999999999998,-0.4929938979556546,-1.7546249790304633,0.7276384971039251,1.1936711150888542
slow_4w,m12_1,Q3,0.19999999999999998,0.5861903512465972,1.6641183358327114,0.34789563147871594,0.5794485878789142
slow_4w,m12_1,Q4,0.19999999999999998,-0.043519025819619465,-0.12458544508702689,-0.733969159930179,-0.9359219567151219
slow_4w,m12_1,Q5,0.22,-0.09956242500671755,-0.23089346968864827,-0.24474977637763676,-0.275325064054202
slow_4w,m12_1,Q5-Q1,,-0.16605269171345752,-0.24095011244466888,-0.16437176011423582,-0.11109955929888443
slow_4w,m3_1,Q1,0.17999999999999997,0.16781151548625822,0.4227571227419543,0.2921464157853466,0.2801350349801377
slow_4w,m3_1,Q2,0.19999999999999998,0.4359154872231011,1.1725131629097305,1.7380880583883909,2.9035437115154417
slow_4w,m3_1,Q3,0.19999999999999998,-0.20466224685278894,-0.7008946798730215,1.6110638791142697,2.7348293427320116
slow_4w,m3_1,Q4,0.19999999999999998,-0.4654258411734445,-1.2219883266764808,-0.42478063435938485,-0.6406250101995933
slow_4w,m3_1,Q5,0.22,0.07558385169590885,0.17284562705837986,-2.8975482521364415,-3.4522612935134167
slow_4w,m3_1,Q5-Q1,,-0.09222766379034943,-0.14087543322601367,-3.189694667921788,-2.07560324703405
slow_4w,vol_12wk,Q1,0.17999999999999997,-0.505760993882119,-1.0254140564595469,0.8424262985233373,0.9291472623188212
slow_4w,vol_12wk,Q2,0.19999999999999998,-0.23259232102925834,-0.6642152195292013,1.9019997708306657,2.2947244124808512
slow_4w,vol_12wk,Q3,0.19999999999999998,0.3777144460423154,1.0645939653575351,0.46787266709309394,0.7896714281941173
slow_4w,vol_12wk,Q4,0.19999999999999998,0.6195088826520567,1.551117567984916,-0.322751754832399,-0.46263352179536715
slow_4w,vol_12wk,Q5,0.22,-0.28131464833746056,-0.5240139620550597,-2.550276683420331,-2.297716977484402
slow_4w,vol_12wk,Q5-Q1,,0.22444634554465837,0.2528652779434519,-3.3927029819436685,-1.878462340314208
slow_4w,max_week_12wk (lottery),Q1,0.17999999999999997,-0.4008218413782217,-0.8704779776538117,1.2890007581956775,1.341973782866418
slow_4w,max_week_12wk (lottery),Q2,0.19999999999999998,0.15098374676355514,0.4144295811859061,1.6394778171131534,2.369396018356343
slow_4w,max_week_12wk (lottery),Q3,0.19999999999999998,0.1520848786740163,0.4260476669794542,0.44691123420168355,0.703707249752616
slow_4w,max_week_12wk (lottery),Q4,0.19999999999999998,0.7182521977442152,1.3510152526509565,0.5199632536503068,0.7554572842163503
slow_4w,max_week_12wk (lottery),Q5,0.22,-0.6005283326739885,-1.2367034815518951,-3.4240481703102295,-3.464106673788911
slow_4w,max_week_12wk (lottery),Q5-Q1,,-0.19970649129576706,-0.2578811651961187,-4.7130489285059065,-2.8740820202213424
slow_4w,beta_52wk,Q1,0.17999999999999997,-0.32240689488702,-0.5593474925788339,-3.5206838208918754,-3.8041878003283767
slow_4w,beta_52wk,Q2,0.19999999999999998,-0.4552672740710295,-0.9870147107188736,-1.4310787633110862,-1.8194632739916936
slow_4w,beta_52wk,Q3,0.19999999999999998,-0.17750168377660488,-0.4966992265859323,0.7823391151342652,1.0944457608608125
slow_4w,beta_52wk,Q4,0.19999999999999998,-0.10965416045171056,-0.30144763277812914,1.9203350648933133,2.4654068671899556
slow_4w,beta_52wk,Q5,0.22,0.9387175669978758,2.0751128991997776,1.7245636564419964,1.5756388825618723
slow_4w,beta_52wk,Q5-Q1,,1.2611244618848958,1.45047166022375,5.24524747733387,2.9571279783124447
slow_4w,idio_vol_52wk,Q1,0.16776237623762372,-0.3423808237874664,-0.7695891657461983,2.047650521236911,2.3862699505102962
slow_4w,idio_vol_52wk,Q2,0.18130693069306927,0.21934253707554954,0.5346457629801235,0.46816848690716717,0.5884406284320864
slow_4w,idio_vol_52wk,Q3,0.17984158415841583,0.2894239125426156,0.606655563706367,-0.9881857792700248,-1.3085738648778984
slow_4w,idio_vol_52wk,Q4,0.18130693069306927,0.4790661924385821,0.9984433051855205,1.0055399559262204,1.1698047512992935
slow_4w,idio_vol_52wk,Q5,0.1900990099009901,-0.2951295339505826,-0.45493736327164797,-1.8141803169896993,-1.7952656460660643
slow_4w,idio_vol_52wk,Q5-Q1,,0.04725128983688391,0.053723569185728494,-3.8618308382266107,-2.281408169841335
slow_4w,dollar_volume (size),Q1,0.17999999999999997,0.3415087235070303,0.7615876140476835,-2.2869238805919077,-2.3084408220262023
slow_4w,dollar_volume (size),Q2,0.19999999999999998,-0.3736900384911967,-0.8998765614713174,-2.0347056922568623,-2.443691025183747
slow_4w,dollar_volume (size),Q3,0.19999999999999998,0.762253115908999,1.972796131804932,0.5793250044570867,0.6818071783916181
slow_4w,dollar_volume (size),Q4,0.19999999999999998,-0.36601221842965653,-0.9337043122796526,-0.794805398900227,-0.9951614009560817
slow_4w,dollar_volume (size),Q5,0.22,-0.2999170092222486,-0.726492419483937,3.916743253847927,3.152718633131587
slow_4w,dollar_volume (size),Q5-Q1,,-0.6414257327292789,-0.9378444802911106,6.2036671344398355,3.0743062111486337
slow_4w,volume_surge (last wk / 12wk),Q1,0.17999999999999997,-0.6140145876303527,-1.2703475730166591,-0.7015667166991347,-0.8264129577783892
slow_4w,volume_surge (last wk / 12wk),Q2,0.19999999999999998,0.3953791484151902,1.215914651804136,1.2472379365289277,2.2159199381139505
slow_4w,volume_surge (last wk / 12wk),Q3,0.19999999999999998,0.49254170327732866,1.7453647420916212,1.1208856928172866,1.8253714345788006
slow_4w,volume_surge (last wk / 12wk),Q4,0.19999999999999998,-0.2064969796138824,-0.666729873697416,-0.36656654296188357,-0.6333925256319811
slow_4w,volume_surge (last wk / 12wk),Q5,0.22,-0.11710067564665394,-0.3114110220491909,-1.2455882194137355,-1.450009684989304
slow_4w,volume_surge (last wk / 12wk),Q5-Q1,,0.496913911983699,0.6906779731013037,-0.5440215027146009,-0.36661547609436157
slow_4w,price_level,Q1,0.18027722772277227,0.9859643968086886,1.7939997876385019,-0.761620137318966,-0.9569494145321192
slow_4w,price_level,Q2,0.19996039603960394,-0.7913234690824203,-1.9526169500679325,-0.4114261735572551,-0.5771606621577351
slow_4w,price_level,Q3,0.19984158415841582,0.6974785522194944,1.4447377037917457,-2.2299871451062874,-3.0942806111724384
slow_4w,price_level,Q4,0.19992079207920788,0.10549335707949917,0.2744773979648276,0.07585883591084625,0.10737078226730665
slow_4w,price_level,Q5,0.22,-0.8153171409808303,-2.4529838805914004,2.949220645121864,3.6300846077099043
slow_4w,price_level,Q5-Q1,,-1.8012815377895188,-2.4361955750796227,3.710840782440831,2.6824811101713006
slow_4w,close_vs_week_high,Q1,0.180039603960396,0.22459586610112425,0.501147502691078,-0.7867326564892905,-1.006582616702923
slow_4w,close_vs_week_high,Q2,0.2,-0.13123152905284824,-0.5248025649826753,-0.17546275899851047,-0.24612774040191113
slow_4w,close_vs_week_high,Q3,0.19996039603960394,-0.4770752606053803,-1.592793714684967,0.23144072263952867,0.3541247119934612
slow_4w,close_vs_week_high,Q4,0.19999999999999998,0.31914986613360613,1.0712780709812122,0.5244321542137614,1.0072480039821219
slow_4w,close_vs_week_high,Q5,0.22,0.08074339926883703,0.2536578021000949,0.11616350075648366,0.1784424806036616
slow_4w,close_vs_week_high,Q5-Q1,,-0.1438524668322872,-0.2098635372898527,0.902896157245774,0.7649868789385302
slow_4w,friday_vs_prior_mean (stretch),Q1,0.17999999999999997,-0.5188099247370634,-1.1072687410655384,-0.11624974112629555,-0.14376682708782243
slow_4w,friday_vs_prior_mean (stretch),Q2,0.19999999999999998,0.4630167940219126,1.4028359970478153,1.687168502624234,2.3534586265232336
slow_4w,friday_vs_prior_mean (stretch),Q3,0.19999999999999998,0.04330350285096653,0.13324305148112728,-0.06582282837610769,-0.09767963808260578
slow_4w,friday_vs_prior_mean (stretch),Q4,0.19999999999999998,-0.0558784783584451,-0.17493999299975765,-0.2351020654169295,-0.43641950935783536
slow_4w,friday_vs_prior_mean (stretch),Q5,0.22,0.014988285226293554,0.029685480717648885,-1.165108038015936,-1.3557803705283296
slow_4w,friday_vs_prior_mean (stretch),Q5-Q1,,0.5337982099633569,0.6337852118733815,-1.0488582968896405,-0.7506269210763985
slow_4w,earnings_last_week (flag),flag=1,0.05588118811881188,-1.231649931679132,-1.4914019768839173,0.7764956828252938,0.3851657558568057
slow_4w,earnings_last_week (flag),flag=0,0.9441188118811882,0.04944046951686516,1.51169677595036,0.0464543380443471,0.6804754427706942
slow_4w,earnings_in_hold_week (flag),flag=1,0.05275247524752475,0.0006820690666402239,0.0006081262641733483,1.029845315196415,0.5185014219541205
slow_4w,earnings_in_hold_week (flag),flag=0,0.9472475247524753,-0.00969205339830189,-0.2392739502394919,-0.1232518418310036,-1.3184241025160701
slow_4w,insider_buy_last_4wk (flag),flag=1,0.06265346534653465,0.5003885682503643,0.626525088696672,-0.11069448302259736,-0.07005574705170704
slow_4w,insider_buy_last_4wk (flag),flag=0,0.9373465346534654,-0.05119457321908771,-0.7910256770608391,0.0018162906435841358,0.020265561988749712
slow_13w,prior_week_ret,Q1,0.17999999999999997,-1.1322771192160717,-1.4409524539513725,-3.512213730122589,-1.956284858244271
slow_13w,prior_week_ret,Q2,0.19999999999999998,0.6694979479963907,1.228893858058632,3.033308919070854,2.760131012261022
slow_13w,prior_week_ret,Q3,0.19999999999999998,0.33748226320226543,0.7400054456909437,2.5882429150314206,2.8529851447069317
slow_13w,prior_week_ret,Q4,0.19999999999999998,0.9269172643453619,1.5528041598588507,1.5836974253812524,1.4632520698895142
slow_13w,prior_week_ret,Q5,0.22,-0.8316800620450491,-1.392955688079144,-3.6765971839756335,-2.5816767271008163
slow_13w,prior_week_ret,Q5-Q1,,0.3005970571710229,0.24609735871997285,-0.16438345385304473,-0.05496575407591918
slow_13w,prior_4wk_ret,Q1,0.17999999999999997,-1.3520222818699505,-1.2966935940915525,-2.7526030930254035,-1.4958085848013172
slow_13w,prior_4wk_ret,Q2,0.19999999999999998,0.6659294907019655,0.8235423634760202,-0.08961001051563114,-0.0659243479506204
slow_13w,prior_4wk_ret,Q3,0.19999999999999998,0.23184635501887962,0.35696375233320427,2.1029843606901744,2.118045074482374
slow_13w,prior_4wk_ret,Q4,0.19999999999999998,1.157917832013693,1.7337403486040832,3.3647316064633155,2.2073120994342585
slow_13w,prior_4wk_ret,Q5,0.22,-0.7626123855014387,-0.7739986416092476,-2.6370574299227236,-1.1418646980756404
slow_13w,prior_4wk_ret,Q5-Q1,,0.5894098963685118,0.32134463502923943,0.11554566310268025,0.03177886319848185
slow_13w,prior_week_vs_spy,Q1,0.17999999999999997,-1.1322771192160717,-1.4409524539513725,-3.512213730122589,-1.956284858244271
slow_13w,prior_week_vs_spy,Q2,0.19999999999999998,0.6694979479963907,1.228893858058632,3.033308919070854,2.760131012261022
slow_13w,prior_week_vs_spy,Q3,0.19999999999999998,0.33748226320226543,0.7400054456909437,2.5882429150314206,2.8529851447069317
slow_13w,prior_week_vs_spy,Q4,0.19999999999999998,0.9269172643453619,1.5528041598588507,1.5836974253812524,1.4632520698895142
slow_13w,prior_week_vs_spy,Q5,0.22,-0.8316800620450491,-1.392955688079144,-3.6765971839756335,-2.5816767271008163
slow_13w,prior_week_vs_spy,Q5-Q1,,0.3005970571710229,0.24609735871997285,-0.16438345385304473,-0.05496575407591918
slow_13w,dist_from_52w_high,Q1,0.17999999999999997,1.9677308236975417,1.9178214727822473,-0.6329145691770602,-0.20151788415148372
slow_13w,dist_from_52w_high,Q2,0.20004032258064514,0.8753820513776265,0.9662817474337684,1.9026438377145567,0.881713427953363
slow_13w,dist_from_52w_high,Q3,0.19995967741935483,0.6342001275592002,0.7336025994038926,2.4367465491660667,1.258765470980172
slow_13w,dist_from_52w_high,Q4,0.2000806451612903,-0.025138477288146034,-0.02774483062841519,-0.6944893164220465,-0.34697017929422413
slow_13w,dist_from_52w_high,Q5,0.21991935483870967,-2.964392537040624,-2.1219080574583304,-2.8108053509247357,-0.9438136043592663
slow_13w,dist_from_52w_high,Q5-Q1,,-4.932123360738166,-2.30083565607022,-2.1778907817476765,-0.3795743710471206
slow_13w,trend_count,Q1,0.18004032258064512,-2.3866919546433554,-1.9654628573993718,-1.555175169666425,-0.8102202186787566
slow_13w,trend_count,Q2,0.1999596774193548,0.18897984219573372,0.30037082739610904,1.9331261716041863,1.477207259898026
slow_13w,trend_count,Q3,0.19999999999999998,1.4707409148916386,2.1895114874429593,0.1518675757514905,0.09559107634395829
slow_13w,trend_count,Q4,0.19999999999999998,0.28863948168745013,0.4289186114654906,0.5091683521282402,0.3543488758053666
slow_13w,trend_count,Q5,0.22,0.18151138218563395,0.2056595744818257,-1.076776998422134,-0.48459518916716066
slow_13w,trend_count,Q5-Q1,,2.568203336828989,1.3896284053191674,0.47839817124429107,0.1257013218063725
slow_13w,m12_1,Q1,0.17999999999999997,0.5571057397448632,0.6766555327182991,1.3211036338369473,0.8424246555821249
slow_13w,m12_1,Q2,0.19999999999999998,-0.5319917884040346,-0.9488534852235492,2.427003907419644,2.4459390415567066
slow_13w,m12_1,Q3,0.19999999999999998,0.3779915412926291,0.44181412068778947,-0.8852054601067305,-0.9758913535287844
slow_13w,m12_1,Q4,0.19999999999999998,-0.020870848917723017,-0.028907376372900202,0.07063876326928421,0.05208349384701945
slow_13w,m12_1,Q5,0.22,-0.29684006340113495,-0.2904194239084822,-2.5467549827594995,-2.0295080407340538
slow_13w,m12_1,Q5-Q1,,-0.853945803145998,-0.5564262261157608,-3.8678586165964473,-1.5019831834541006
slow_13w,m3_1,Q1,0.17999999999999997,-0.5482920815774551,-0.5204872507368866,-1.3306590402261071,-0.45636439141443214
slow_13w,m3_1,Q2,0.19999999999999998,-0.2581024575117411,-0.37322066718756414,1.978099680791133,1.1666241347617468
slow_13w,m3_1,Q3,0.19999999999999998,0.6414840616421661,1.0559640057351796,0.8844810895056655,0.8135859969994841
slow_13w,m3_1,Q4,0.19999999999999998,0.5774550111383248,0.7409313132286313,2.0637699999887302,1.159867592492695
slow_13w,m3_1,Q5,0.22,-0.42488521986276395,-0.4805144812566994,-3.3897796673473035,-1.7702681131466358
slow_13w,m3_1,Q5-Q1,,0.12340686171469105,0.07544525766735331,-2.059120627121197,-0.479807199128056
slow_13w,vol_12wk,Q1,0.17999999999999997,-0.2875688613728887,-0.21165962457162582,2.568314154692982,0.906559572126086
slow_13w,vol_12wk,Q2,0.19999999999999998,0.9681556372265272,1.0243857430711467,3.547913357878876,1.546872180489678
slow_13w,vol_12wk,Q3,0.19999999999999998,1.5155623500326378,1.7395354226706727,0.8708816237325371,0.4404763887901453
slow_13w,vol_12wk,Q4,0.19999999999999998,0.848309188089132,0.8759070160677711,1.3627642369112494,0.6161036466280752
slow_13w,vol_12wk,Q5,0.22,-2.7938320001024515,-1.929468431899753,-7.357310870678497,-2.3316798939667143
slow_13w,vol_12wk,Q5-Q1,,-2.506263138729564,-0.9844898193923658,-9.925625025371481,-1.860788624630574
slow_13w,max_week_12wk (lottery),Q1,0.17999999999999997,-0.413767520838958,-0.39231294790344556,0.9818279982226856,0.41519862142808567
slow_13w,max_week_12wk (lottery),Q2,0.19999999999999998,0.752342782803416,0.897074932654983,3.536236586982959,1.8455601503157926
slow_13w,max_week_12wk (lottery),Q3,0.19999999999999998,2.092995355022559,2.333882679430886,-0.7100861311380456,-0.3401950265848642
slow_13w,max_week_12wk (lottery),Q4,0.19999999999999998,0.6713618844057617,0.6237516581750788,3.8788395573803305,1.830636925444573
slow_13w,max_week_12wk (lottery),Q5,0.22,-2.858462957706067,-2.311280716313811,-6.898759283296053,-2.582558291168617
slow_13w,max_week_12wk (lottery),Q5-Q1,,-2.44469543686711,-1.1999940164012552,-7.880587281518742,-1.8999341420130664
slow_13w,beta_52wk,Q1,0.17999999999999997,-1.9417243296124198,-1.4207529896970041,-8.173275753673167,-2.7236087059954284
slow_13w,beta_52wk,Q2,0.19999999999999998,0.0058101536185433695,0.004210480631643621,-2.020334058680527,-0.8891122951741119
slow_13w,beta_52wk,Q3,0.19999999999999998,-0.3932772653270281,-0.5156203633395888,1.6495767223414892,0.9323720826018262
slow_13w,beta_52wk,Q4,0.19999999999999998,0.037678861418149585,0.03886448268404437,5.19263258373872,1.6623308941818153
slow_13w,beta_52wk,Q5,0.22,1.9066728608559207,1.345180177149955,2.30370266446015,0.688721143355109
slow_13w,beta_52wk,Q5-Q1,,3.848397190468341,1.6715281883457664,10.476978418133314,1.8769503892292057
slow_13w,idio_vol_52wk,Q1,0.16762096774193547,0.6073998697342629,0.6054986294960528,6.930845796217705,2.4435465315921294
slow_13w,idio_vol_52wk,Q2,0.1808870967741935,1.5608942908076717,1.2649627436337125,0.5388162005998166,0.3821553893543125
slow_13w,idio_vol_52wk,Q3,0.17959677419354836,0.7094748892916495,0.6154034123373906,-1.419762710146026,-0.9760353585676323
slow_13w,idio_vol_52wk,Q4,0.1808870967741935,0.07717073162795726,0.05527548326618361,-0.4455571020340249,-0.22622490496003286
slow_13w,idio_vol_52wk,Q5,0.1898790322580645,-1.168956730128932,-0.6696188985732415,-3.7954723911144,-1.4899381810901442
slow_13w,idio_vol_52wk,Q5-Q1,,-1.776356599863195,-0.7743839353952187,-10.726318187332105,-2.1363472307697133
slow_13w,dollar_volume (size),Q1,0.17999999999999997,0.1602958291444786,0.13591567684538808,-8.665882424526243,-3.4254701404292702
slow_13w,dollar_volume (size),Q2,0.19999999999999998,0.27753398748160985,0.3059299248864377,-2.68082583827721,-1.0857615082318155
slow_13w,dollar_volume (size),Q3,0.19999999999999998,0.6262451976625182,0.783588762449633,-1.192124164910045,-0.4600586816024404
slow_13w,dollar_volume (size),Q4,0.19999999999999998,-1.223906192731098,-1.673384493774624,-2.143227899020686,-1.0845877773672798
slow_13w,dollar_volume (size),Q5,0.22,0.15987341941539915,0.10604561285301006,12.559520076619599,3.2998827284965273
slow_13w,dollar_volume (size),Q5-Q1,,-0.00042240972907953676,-0.00019017590497593702,21.225402501145844,3.5906515474709564
slow_13w,volume_surge (last wk / 12wk),Q1,0.17999999999999997,-1.22779101666643,-1.2193336285911682,-1.9521106009866434,-0.8012729226679627
slow_13w,volume_surge (last wk / 12wk),Q2,0.19999999999999998,0.16076655985856778,0.31242585678880386,2.582046522063263,1.5781406790534604
slow_13w,volume_surge (last wk / 12wk),Q3,0.19999999999999998,1.0588872172988315,1.5017250963202957,3.586111122688388,3.914675681743802
slow_13w,volume_surge (last wk / 12wk),Q4,0.19999999999999998,0.6798082761189345,1.0784886155259221,0.1543123282021438,0.13831258491468687
slow_13w,volume_surge (last wk / 12wk),Q5,0.22,-0.7222273984332249,-0.9962974336099464,-4.150518574605288,-1.7605683402976358
slow_13w,volume_surge (last wk / 12wk),Q5-Q1,,0.5055636182332048,0.3772425175597356,-2.1984079736186444,-0.488635115193549
slow_13w,price_level,Q1,0.18028225806451612,0.5688587820589001,0.5611272481887633,-1.8837508064784272,-0.9125332316478321
slow_13w,price_level,Q2,0.19995967741935483,-1.5417259603922866,-1.4401922893840937,-2.3681724133654534,-1.5699225883520516
slow_13w,price_level,Q3,0.19983870967741935,1.271058521034234,1.245844118766732,-7.2951814970978806,-3.9212419177434388
slow_13w,price_level,Q4,0.19991935483870968,0.032973057139415944,0.03313957538356505,0.650941136174436,0.3599194171558426
slow_13w,price_level,Q5,0.22,-0.27065809052399836,-0.24803787648587813,9.720254691703216,4.596785476987913
slow_13w,price_level,Q5-Q1,,-0.8395168725828982,-0.48143388814089,11.604005498181644,3.1780334480687533
slow_13w,close_vs_week_high,Q1,0.18004032258064512,-2.0267653738463616,-2.1260483598790443,-4.54418441322758,-2.483612063657866
slow_13w,close_vs_week_high,Q2,0.19999999999999998,-0.09416979462308725,-0.19298940699495493,1.5884526910694408,1.0635874672588677
slow_13w,close_vs_week_high,Q3,0.1999596774193548,0.02149334529794148,0.05683879464273489,-0.6371805121266119,-0.7665211701870402
slow_13w,close_vs_week_high,Q4,0.19999999999999998,1.4877911340336198,2.140088040475,2.3562080358666817,2.1032235471641845
slow_13w,close_vs_week_high,Q5,0.22,0.36747305700937366,0.5352183019116141,0.7269263052665411,0.4425778006412399
slow_13w,close_vs_week_high,Q5-Q1,,2.3942384308557356,1.6426962097642277,5.271110718494121,1.5942220696768141
slow_13w,friday_vs_prior_mean (stretch),Q1,0.17999999999999997,-1.574366597929204,-1.3962475360498312,-4.028525305066558,-1.5113089313305046
slow_13w,friday_vs_prior_mean (stretch),Q2,0.19999999999999998,0.6343853618974422,0.7767256082906353,1.7435413298880604,1.255165779391386
slow_13w,friday_vs_prior_mean (stretch),Q3,0.19999999999999998,0.15213927624839735,0.2464759133568763,2.677137908555312,2.128748551824948
slow_13w,friday_vs_prior_mean (stretch),Q4,0.19999999999999998,0.9566461310203498,1.4847050214489887,4.188748229881949,3.053868326368587
slow_13w,friday_vs_prior_mean (stretch),Q5,0.22,-0.2965825736635504,-0.34366761053377787,-4.5306860852412925,-1.6320450033765657
slow_13w,friday_vs_prior_mean (stretch),Q5-Q1,,1.2777840242656535,0.7078817630305416,-0.5021607801747345,-0.09998893322279613
slow_13w,earnings_last_week (flag),flag=1,0.055846774193548394,-0.4477515080222338,-0.40325818860018736,1.151807620439496,0.3420431728792133
slow_13w,earnings_last_week (flag),flag=0,0.9441532258064516,0.042611634923976564,0.8474965310453805,0.02012276804736161,0.19481112705562306
slow_13w,earnings_in_hold_week (flag),flag=1,0.05213709677419355,1.2982915430999382,0.7138868670364745,2.0749095171321548,0.6767859162401052
slow_13w,earnings_in_hold_week (flag),flag=0,0.9478629032258065,-0.02593999922420306,-0.5014354059051519,-0.2563584497281793,-2.489431484229413
slow_13w,insider_buy_last_4wk (flag),flag=1,0.0639516129032258,0.9497231150232885,0.5686886468241337,0.33896970464665993,0.11930268775426145
slow_13w,insider_buy_last_4wk (flag),flag=0,0.9360483870967743,-0.11845597966221064,-1.2220703577025542,-0.00394085437526039,-0.02432206770637813
