,live_proxy,momentum_12_1,near_52w_high,low_vol,high_vol,reversal_1w
disp4,0.3894466727828969,2.4460516866576505,-0.6537294041175462,-1.6161759576003925,2.689238836920133,2.6228096005758705
breadth40,-0.2468606456448155,-0.35933667731690166,0.13609936705800865,0.7016311333635797,-1.3760210940307616,-0.8837143582795797
breadth_chg,0.916663633564916,0.8835649033510705,1.6646363723526298,1.125857553166846,0.3260990921426054,0.22275215760512992
corr8,1.1718147932345255,1.0797158796100284,-0.45005430627187104,-1.3816716253445798,2.0584111078891016,2.2365863344917405
mkt_vol8,1.2465226319465774,1.7818927023028164,-0.17331986255352602,-1.330666724407965,2.38489699166337,2.2460784200285127
vol_trend,0.2629202364719427,0.4771567505505068,-0.20172399870336044,-0.9585328962747843,2.0570669641752266,1.859399766611575
spy_trend,0.3685450786045973,-0.33195693158398826,1.0899257996547522,1.2439314049830004,-1.212583390664322,-1.1018957718724947
spy_52w,0.20883572785073268,-1.288728095761601,0.3338812884369137,1.2112452550945567,-2.191733179275594,-1.6727009383810933
credit13,-0.3335587670846522,-0.7958804881387916,1.6842297067174028,2.4267723191557447,-1.912142162481517,-1.61147271230271
size13,-0.893099607538467,0.23705132109888924,-0.9490685300334918,-0.16819625070850114,-0.9242976101824704,-0.7487000292865815
mom_spread,0.17036382938017203,-0.2844828828121711,-0.18696263915779382,0.973312226730716,-1.4810896004214924,-0.6585792224961154
momfx8,-1.4059904122459466,-1.0132986657514296,-1.3999443700530427,-0.1547379474176867,0.5133164287868989,-0.1350473060197055
