univ,n,excl_earn,cost,dev_CAGR,dev_Sharpe,dev_DD,hold_CAGR,hold_Sharpe,hold_DD
100,10,False,5.0,9.66,0.43,-53.16,6.71,0.36,-30.3
100,10,False,15.0,-1.18,0.13,-61.27,-3.84,0.07,-35.46
100,10,True,5.0,10.93,0.47,-49.42,13.44,0.53,-26.5
100,10,True,15.0,-0.03,0.16,-58.25,2.24,0.24,-29.57
100,20,False,5.0,10.69,0.5,-38.55,4.95,0.31,-29.88
100,20,False,15.0,-0.24,0.13,-45.06,-5.43,-0.05,-34.37
100,20,True,5.0,11.66,0.53,-37.22,9.35,0.46,-28.63
100,20,True,15.0,0.63,0.16,-46.16,-1.45,0.09,-32.16
100,50,False,5.0,6.56,0.4,-32.27,7.52,0.45,-27.46
100,50,False,15.0,-3.97,-0.08,-43.28,-3.1,-0.04,-31.04
100,50,True,5.0,2.22,0.2,-13.62,-42.52,-1.34,-13.61
100,50,True,15.0,-7.89,-0.26,-14.16,-48.27,-1.63,-14.16
250,10,False,5.0,14.89,0.54,-50.47,2.49,0.25,-35.41
250,10,False,15.0,3.54,0.28,-57.7,-7.65,-0.04,-36.37
250,10,True,5.0,12.22,0.48,-55.31,3.43,0.28,-35.29
250,10,True,15.0,1.13,0.22,-62.85,-6.81,0.0,-36.25
250,20,False,5.0,13.76,0.54,-46.0,3.15,0.25,-28.24
250,20,False,15.0,2.53,0.24,-54.14,-7.05,-0.09,-33.7
250,20,True,5.0,11.6,0.48,-44.97,1.19,0.19,-32.33
250,20,True,15.0,0.58,0.18,-53.84,-8.82,-0.14,-37.36
250,50,False,5.0,12.44,0.56,-37.1,-0.14,0.11,-32.3
250,50,False,15.0,1.34,0.18,-47.21,-10.01,-0.33,-35.97
250,50,True,5.0,11.64,0.53,-38.04,-0.85,0.08,-31.3
250,50,True,15.0,0.62,0.16,-48.01,-10.66,-0.38,-35.85
500,10,False,5.0,19.67,0.62,-57.35,1.05,0.21,-37.21
500,10,False,15.0,7.86,0.38,-63.95,-8.95,-0.08,-38.39
500,10,True,5.0,21.37,0.64,-60.73,0.5,0.2,-39.99
500,10,True,15.0,9.39,0.41,-66.81,-9.44,-0.08,-42.17
500,20,False,5.0,19.49,0.64,-55.15,-1.23,0.12,-33.7
500,20,False,15.0,7.7,0.37,-61.09,-11.0,-0.22,-36.86
500,20,True,5.0,18.03,0.61,-56.04,1.74,0.22,-35.06
500,20,True,15.0,6.38,0.34,-61.86,-8.32,-0.09,-40.48
500,50,False,5.0,12.03,0.51,-43.87,-0.68,0.1,-28.68
500,50,False,15.0,0.97,0.18,-52.91,-10.51,-0.31,-34.61
500,50,True,5.0,12.14,0.51,-43.53,-1.16,0.08,-31.04
500,50,True,15.0,1.06,0.19,-52.63,-10.94,-0.32,-36.09
1000,10,False,5.0,26.15,0.75,-57.69,-4.21,0.06,-35.12
1000,10,False,15.0,13.71,0.5,-63.23,-13.7,-0.21,-43.69
1000,10,True,5.0,28.35,0.77,-61.96,-4.39,0.06,-41.43
1000,10,True,15.0,15.69,0.54,-68.24,-13.86,-0.21,-47.63
1000,20,False,5.0,24.38,0.74,-49.88,-6.91,-0.07,-33.81
1000,20,False,15.0,12.12,0.48,-58.14,-16.14,-0.41,-40.29
1000,20,True,5.0,30.38,0.84,-50.82,-8.51,-0.1,-40.87
1000,20,True,15.0,17.54,0.59,-58.92,-17.58,-0.42,-46.67
1000,50,False,5.0,17.38,0.63,-50.19,-6.68,-0.12,-35.67
1000,50,False,15.0,5.8,0.33,-56.84,-15.92,-0.51,-41.97
1000,50,True,5.0,17.84,0.63,-48.25,-2.84,0.04,-33.69
1000,50,True,15.0,6.21,0.34,-56.68,-12.46,-0.34,-39.35
