,mean_IC,IC_t,IC>0 %,D10 wk%,D1 wk%,D10-D1 wk%
m12_1 + reversal,0.017384669778294143,2.477093207879357,54.813359528487226,0.32725751420361937,0.062125118460068234,0.2651323957435512
low_vol (-vol12),0.01992210313716405,2.299404386466882,51.66994106090373,0.19616159364129654,0.17496879614128275,0.021192797500013738
reversal_1w (last week losers),0.011848870265532607,2.004896334945852,50.884086444007856,0.2958878062410673,0.04413207926952898,0.25175572697153836
hi52 (near 52w high),0.01760589355951416,1.9688584594008252,57.17092337917485,0.17162095238701144,0.1579698716468045,0.013651080740206963
m12_1,0.015334663606772827,1.9127479772472056,55.20628683693517,0.2843990107479642,0.16706817503311977,0.11733083571484434
live_momentum_proxy,0.014626137661742304,1.8029710229168279,55.5992141453831,0.21316310932303742,0.17915369742197304,0.03400941190106441
rs_live (40/35/25 blend),0.013777536743167696,1.7085089476812114,55.79567779960707,0.27563771530691306,0.1566494566175178,0.11898825868939529
m6_1,0.012202789963528488,1.6294830575357175,55.79567779960707,0.22624881402198596,0.12016327008148849,0.10608554394049755
m3_1,0.001181219553274489,0.1828473702694623,51.277013752455794,0.15227270535451737,0.23614423274012802,-0.08387152738561061
r4w (last month winners),-0.01156914142575664,-1.8679447113019967,48.1335952848723,0.09650463919266598,0.30844631243115733,-0.21194167323849142
r1w (last week winners),-0.011848870265532607,-2.004896334945852,48.919449901768175,0.0446356508784186,0.2963993320227862,-0.25176368114436765
